[0 0 0 0],[0.04047285 0.         0.         0.         0.18760032]
[3 0 0 0],[0.07287613 0.08751429 0.         0.         0.21413815]
[1 0 0 0],[0.06662945 0.24705583 0.         0.         0.20911723]
[7 0 0 0],[0.06790969 0.09998824 0.         0.         0.21435242]
[7 0 0 3],[0.00020193 0.         0.         0.         0.09337626]
[1 0 0 3],[0.0012789  0.01734614 0.         0.         0.09482173]
[4 0 0 3],[0.00034928 0.03530641 0.         0.         0.07606494]
[4 3 0 3],"[8.60160813e-06 0.00000000e+00 0.00000000e+00 0.00000000e+00
 1.04962821e-02]"
[6 3 0 3],[0.12337416 0.03888852 0.         0.         0.37741444]
[6 1 0 3],[0.45893018 0.00407102 0.         0.         0.3784405 ]
[6 7 0 3],[0.0150036  0.01591537 0.         0.         0.37840001]
[6 3 3 3],[0.         0.07886018 0.         0.         0.41338633]
[6 5 3 3],[0.         0.         0.         0.         0.41197056]
[6 1 3 3],[0.         0.51255617 0.         0.         0.45128318]
[6 8 3 3],[0.         0.56794517 0.         0.         0.5103404 ]
[6 6 3 3],[0.         0.17595349 0.         0.         0.63938239]
[6 6 1 3],[0.         0.72953476 0.         0.         0.6263708 ]
[6 6 4 3],[0.         0.15859404 0.         0.         0.62874867]
[6 6 7 3],[0.         0.11449355 0.         0.         0.61957562]
[6 6 0 3],[0.56727901 0.         0.         0.         0.21348965]
[6 6 0 1],[0.1614487  0.         0.         0.         0.24878868]
[6 6 3 1],[0.         0.11868512 0.         0.         0.23775829]
[6 6 2 2],[0.         0.         0.         0.         0.22237619]
[6 6 1 1],[0.         0.         0.         0.         0.30714495]
[6 6 1 4],[0.         0.02886585 0.         0.         0.2198307 ]
[6 6 4 4],[0.         0.         0.         0.         0.21758575]
[6 6 4 0],[0.44260532 0.07833056 0.         0.         0.53885854]
[6 6 5 3],[0.         0.         0.         0.         0.64393482]
[6 6 8 3],[0.         0.78988084 0.         0.         0.71506917]
[6 6 6 3],[0.         0.468559   0.         0.         0.84806359]
[6 6 6 1],[0.         0.99838269 0.         0.         0.88097204]
[6 6 6 7],[0.         1.         0.         0.         0.84699947]
[6 6 6 0],[0.71077635 0.         0.         0.         0.78452405]
[6 6 6 8],[0.  1.  0.  0.  0.9]
[6 6 6 6],[0. 0. 0. 0. 0.]
[0 3 0 0],"[1.63865016e-08 0.00000000e+00 0.00000000e+00 0.00000000e+00
 2.81486737e-02]"
[0 1 0 0],[0.00021623 0.         0.         0.         0.01243647]
[0 4 0 0],[0.         0.         0.         0.         0.01608404]
[3 4 0 0],"[0.00000000e+00 1.88224653e-08 0.00000000e+00 0.00000000e+00
 6.59203459e-03]"
[7 4 0 0],[0.         0.         0.         0.         0.01533984]
[1 4 0 0],[0.         0.         0.         0.         0.00752661]
[4 4 0 0],[0.         0.         0.         0.         0.01546409]
[4 4 0 3],[0. 0. 0. 0. 0.]
[1 4 0 3],"[1.03977057e-03 0.00000000e+00 0.00000000e+00 0.00000000e+00
 2.70184566e-06]"
[1 3 0 3],[0.00027375 0.         0.         0.         0.01548458]
[0 3 0 3],"[1.95091230e-06 0.00000000e+00 0.00000000e+00 0.00000000e+00
 3.97653681e-15]"
[0 1 0 3],[0.0000000e+00 0.0000000e+00 0.0000000e+00 0.0000000e+00 2.3143865e-14]
[0 4 0 3],"[0.00000000e+00 0.00000000e+00 0.00000000e+00 0.00000000e+00
 1.03959594e-06]"
[3 4 0 3],"[1.15510660e-05 0.00000000e+00 0.00000000e+00 0.00000000e+00
 9.35793514e-05]"
[3 1 0 3],[0. 0. 0. 0. 0.]
[1 1 0 3],"[9.31184762e-05 0.00000000e+00 0.00000000e+00 0.00000000e+00
 1.20242092e-07]"
[1 4 3 3],[0.         0.01135988 0.         0.         0.00375638]
[7 4 3 3],[0.         0.         0.         0.         0.00090812]
[0 4 3 3],"[4.73027704e-05 0.00000000e+00 0.00000000e+00 0.00000000e+00
 5.55613333e-05]"
[3 4 3 3],[0.         0.00012835 0.         0.         0.00192439]
[4 4 3 3],[0.         0.         0.         0.         0.00076752]
[1 1 3 3],[0.         0.         0.         0.         0.00034313]
[4 1 3 3],[0.         0.         0.         0.         0.00041094]
[7 1 3 3],[0.         0.         0.         0.         0.00351405]
[1 0 3 3],[0.00106724 0.         0.         0.         0.02675865]
[8 0 3 3],[0.00709846 0.         0.         0.         0.15477469]
[8 3 3 3],[0.         0.09317223 0.         0.         0.05300083]
[6 7 3 3],[0.         0.05436127 0.         0.         0.44468877]
[6 4 3 3],[0.         0.28657348 0.         0.         0.42922575]
[6 0 3 3],[0.36243968 0.01899436 0.         0.         0.14832386]
[6 0 1 3],[0.1419934  0.         0.         0.         0.15975442]
[6 0 7 3],[0.         0.01517524 0.         0.         0.13415323]
[6 3 7 3],[0.         0.0036805  0.         0.         0.13176169]
[6 1 7 3],[0.         0.         0.         0.         0.11950144]
[6 4 7 3],[0.         0.19299292 0.         0.         0.136954  ]
[6 3 1 3],[0.         0.         0.         0.         0.16353796]
[6 7 1 3],[0.         0.03223476 0.         0.         0.21570927]
[6 1 1 3],[0.         0.13493658 0.         0.         0.24223654]
[6 5 1 3],[0.         0.         0.         0.         0.15728127]
[6 5 4 3],[0.        0.        0.        0.        0.1126746]
[6 4 4 3],[0.         0.03884871 0.         0.         0.11647995]
[6 4 1 3],[0.         0.00677813 0.         0.         0.16766662]
[6 0 4 3],[0.05905448 0.00019038 0.         0.         0.14241646]
[6 0 8 3],[0.00984332 0.02790849 0.         0.         0.15951261]
[6 0 6 3],[0.21699877 0.         0.         0.         0.08556795]
[6 0 6 1],[0.0545626  0.         0.         0.         0.09185677]
[6 3 6 1],[0.         0.05710327 0.         0.         0.14487596]
[6 1 6 1],[0.         0.         0.         0.         0.18741012]
[5 0 0 0],[0.0413744  0.         0.         0.         0.20334636]
[1 0 3 0],[0.00020248 0.         0.         0.         0.06785617]
[4 0 3 0],"[8.38584549e-05 3.11241976e-02 0.00000000e+00 0.00000000e+00
 9.97267888e-02]"
[3 0 3 0],"[1.50667805e-07 1.53362045e-02 0.00000000e+00 0.00000000e+00
 7.81921287e-02]"
[8 0 3 0],[0.09833211 0.27724281 0.         0.         0.2453149 ]
[6 3 4 3],[0.         0.         0.         0.         0.13169866]
[6 1 4 3],[0.         0.01994598 0.         0.         0.12553136]
[6 7 4 3],[0.         0.         0.         0.         0.19755089]
[6 8 1 3],[0.         0.63484473 0.         0.         0.55904572]
[6 6 0 7],[0.11790146 0.02987453 0.         0.         0.2261956 ]
[6 6 3 7],[0.         0.         0.         0.         0.24193088]
[6 6 1 7],[0.         0.         0.         0.         0.22276314]
[5 3 0 3],"[1.89874677e-06 0.00000000e+00 0.00000000e+00 0.00000000e+00
 9.19268029e-04]"
[0 1 3 3],"[3.49280506e-08 0.00000000e+00 0.00000000e+00 0.00000000e+00
 2.25639721e-04]"
[3 0 3 3],[0.         0.         0.         0.         0.01686981]
[7 0 3 3],[0.        0.        0.        0.        0.0442663]
[0 0 3 3],"[2.98617042e-04 0.00000000e+00 0.00000000e+00 0.00000000e+00
 2.35884787e-06]"
[0 0 1 3],"[0.00000000e+00 0.00000000e+00 0.00000000e+00 0.00000000e+00
 4.63550609e-05]"
[0 3 1 3],[0. 0. 0. 0. 0.]
[0 1 1 3],[0. 0. 0. 0. 0.]
[0 1 4 3],[0. 0. 0. 0. 0.]
[0 7 4 3],[0. 0. 0. 0. 0.]
[0 7 0 3],[0. 0. 0. 0. 0.]
[0 7 3 3],[0.        0.        0.        0.        0.0023422]
[0 5 3 3],"[0.00000000e+00 0.00000000e+00 0.00000000e+00 0.00000000e+00
 3.55837908e-06]"
[3 1 3 3],[0.         0.         0.         0.         0.00119645]
[5 1 3 3],"[0.00000000e+00 0.00000000e+00 0.00000000e+00 0.00000000e+00
 4.09051523e-05]"
[6 6 6 4],[0.         0.19       0.         0.         0.87150379]
[3 7 3 3],[0.         0.01367868 0.         0.         0.00168984]
[1 7 3 3],[0.         0.         0.         0.         0.00250799]
[7 7 3 3],[0.         0.         0.         0.         0.00362601]
[6 6 4 7],[0.         0.01282388 0.         0.         0.27229688]
[6 6 0 0],[0.49362416 0.         0.         0.         0.44375593]
[6 6 3 0],[0.45427823 0.11312808 0.         0.         0.55575108]
[6 6 7 0],[0.37154607 0.11794429 0.         0.         0.55142489]
[6 6 1 0],[0.66094203 0.31130784 0.         0.         0.55298209]
[0 7 0 0],[0.         0.         0.         0.         0.03049166]
[0 0 0 3],[0.00497769 0.         0.         0.         0.01682777]
[0 0 0 1],[0.        0.        0.        0.        0.0288051]
[0 0 0 4],[0.0007916  0.         0.         0.         0.00536603]
[0 0 0 5],[0.         0.         0.         0.         0.00481778]
[0 0 3 5],[0. 0. 0. 0. 0.]
[0 3 3 5],[0. 0. 0. 0. 0.]
[3 3 3 5],[0. 0. 0. 0. 0.]
[1 3 3 5],[0. 0. 0. 0. 0.]
[7 3 3 5],[0. 0. 0. 0. 0.]
[1 3 3 0],"[2.50018840e-08 0.00000000e+00 0.00000000e+00 0.00000000e+00
 2.96777065e-02]"
[0 3 3 0],[0.         0.         0.         0.         0.00017011]
[3 3 3 0],[0.         0.         0.         0.         0.01455907]
[7 3 3 0],[2.4145554e-05 0.0000000e+00 0.0000000e+00 0.0000000e+00 1.9949436e-02]
[4 3 3 0],[0.         0.         0.         0.         0.00272314]
[0 3 3 3],"[2.13908389e-05 0.00000000e+00 0.00000000e+00 0.00000000e+00
 2.96145700e-05]"
[0 0 7 3],"[0.00000000e+00 0.00000000e+00 0.00000000e+00 0.00000000e+00
 1.98097253e-05]"
[0 0 4 3],"[0.00000000e+00 0.00000000e+00 0.00000000e+00 0.00000000e+00
 2.90300902e-05]"
[3 0 4 3],"[0.00000000e+00 0.00000000e+00 0.00000000e+00 0.00000000e+00
 3.80315591e-11]"
[3 0 1 3],"[0.00000000e+00 0.00000000e+00 0.00000000e+00 0.00000000e+00
 7.71383766e-09]"
[4 0 1 3],[0.         0.         0.         0.         0.00127952]
[1 0 1 3],"[0.00000000e+00 0.00000000e+00 0.00000000e+00 0.00000000e+00
 2.59705341e-08]"
[4 3 1 3],[0.         0.         0.         0.         0.00297904]
[7 3 1 3],[0.         0.         0.         0.         0.00106035]
[1 3 1 3],[0.        0.        0.        0.        0.0017734]
[1 3 4 3],[0.         0.         0.         0.         0.00023886]
[7 3 4 3],[0. 0. 0. 0. 0.]
[4 3 4 3],[0. 0. 0. 0. 0.]
[8 3 4 3],[0.         0.0124298  0.         0.         0.00178144]
[6 0 0 3],[0.31984894 0.         0.         0.         0.08404566]
[0 0 3 0],[0.0029988  0.         0.         0.         0.02056896]
[0 0 1 0],"[9.87568608e-11 0.00000000e+00 0.00000000e+00 0.00000000e+00
 2.11812199e-02]"
[3 0 1 0],"[4.49492558e-12 4.41162980e-03 0.00000000e+00 0.00000000e+00
 2.62651709e-03]"
[1 0 1 0],"[2.52460898e-09 0.00000000e+00 0.00000000e+00 0.00000000e+00
 2.34246789e-03]"
[1 0 4 0],[0.         0.00597962 0.         0.         0.00787743]
[1 0 4 3],"[0.00000000e+00 0.00000000e+00 0.00000000e+00 0.00000000e+00
 2.23841607e-10]"
[7 0 1 3],"[0.00000000e+00 0.00000000e+00 0.00000000e+00 0.00000000e+00
 2.96394875e-08]"
[0 3 7 3],[0. 0. 0. 0. 0.]
[0 1 7 3],[0. 0. 0. 0. 0.]
[3 1 7 3],[0. 0. 0. 0. 0.]
[1 1 7 3],[0. 0. 0. 0. 0.]
[4 1 7 3],[0. 0. 0. 0. 0.]
[7 1 7 3],[0. 0. 0. 0. 0.]
[7 4 7 3],[0. 0. 0. 0. 0.]
[1 4 7 3],[0. 0. 0. 0. 0.]
[5 4 7 3],[0. 0. 0. 0. 0.]
[5 4 0 3],[0. 0. 0. 0. 0.]
[7 4 0 3],[0. 0. 0. 0. 0.]
[7 1 0 3],[0. 0. 0. 0. 0.]
[4 1 0 3],[0. 0. 0. 0. 0.]
[8 4 0 3],[0. 0. 0. 0. 0.]
[6 4 0 3],[0.17719331 0.07523838 0.         0.         0.3576682 ]
[6 0 5 3],[0.00447665 0.         0.         0.         0.12100858]
[6 3 8 3],[0.         0.0400691  0.         0.         0.17145719]
[6 7 8 3],[0.         0.         0.         0.         0.17746611]
[6 1 8 3],[0.         0.21647191 0.         0.         0.1617849 ]
[6 1 6 3],[0.         0.03643311 0.         0.         0.32049163]
[6 3 6 3],[0.         0.         0.         0.         0.23623737]
[6 5 6 3],[0.         0.         0.         0.         0.21156402]
[6 4 6 3],[0.         0.         0.         0.         0.25765217]
[6 6 6 5],[0.         0.         0.         0.         0.88546591]
[3 7 0 0],"[0.00000000e+00 0.00000000e+00 0.00000000e+00 0.00000000e+00
 2.77153409e-05]"
[1 7 0 0],"[0.00000000e+00 0.00000000e+00 0.00000000e+00 0.00000000e+00
 2.77895278e-05]"
[1 7 3 0],[0. 0. 0. 0. 0.]
[7 7 3 0],[0. 0. 0. 0. 0.]
[5 7 3 0],[0. 0. 0. 0. 0.]
[4 7 3 0],[0. 0. 0. 0. 0.]
[3 7 3 0],[0. 0. 0. 0. 0.]
[8 7 3 0],[0. 0. 0. 0. 0.]
[6 7 3 0],[0.0820963  0.10764248 0.         0.         0.3536648 ]
[6 5 3 0],[0.02381506 0.         0.         0.         0.32325164]
[6 4 3 0],[0.15746452 0.08613504 0.         0.         0.35694459]
[6 1 3 0],[0.45503312 0.09185416 0.         0.         0.37362851]
[6 6 0 4],[0.11802652 0.02919034 0.         0.         0.19894141]
[6 6 0 8],[0.13014447 0.09383809 0.         0.         0.24650416]
[6 6 3 8],[0.         0.03166733 0.         0.         0.33406481]
[6 6 1 8],[0.         0.32943497 0.         0.         0.2958611 ]
[6 6 1 6],[0.        0.1       0.        0.        0.3404354]
[6 6 4 6],[0.         0.         0.         0.         0.37198094]
[6 6 7 6],[0.         0.1        0.         0.         0.34349059]
[6 6 3 6],[0.         0.         0.         0.         0.38796995]
[6 6 5 6],[0.         0.         0.         0.         0.31353156]
[6 6 0 6],[0.3409104  0.         0.         0.         0.28854852]
[6 6 8 6],[0.         1.         0.         0.         0.90185302]
[4 0 0 0],[0.06689453 0.10676794 0.         0.         0.20921345]
[3 0 0 3],[0.         0.         0.         0.         0.07036616]
[7 3 0 3],"[9.54523959e-07 0.00000000e+00 0.00000000e+00 0.00000000e+00
 1.71385639e-02]"
[8 3 0 3],"[1.08669922e-02 1.08846304e-05 0.00000000e+00 0.00000000e+00
 1.28606819e-01]"
[6 0 0 1],[0.02621894 0.         0.         0.         0.11538059]
[6 0 0 4],[0.03202192 0.01368261 0.         0.         0.11962479]
[6 0 0 7],[0.01070037 0.00257373 0.         0.         0.08873726]
[6 0 3 1],[0.00251367 0.         0.         0.         0.006089  ]
[6 0 7 1],[0.         0.         0.         0.         0.00500025]
[6 0 0 0],[0.28744177 0.         0.         0.         0.2568752 ]
[6 3 0 0],[0.20226893 0.         0.         0.         0.32578546]
[6 3 3 0],[0.16797528 0.05133226 0.         0.         0.36171037]
[0 0 3 1],[0. 0. 0. 0. 0.]
[0 3 3 1],"[5.04653505e-08 0.00000000e+00 0.00000000e+00 0.00000000e+00
 0.00000000e+00]"
[0 3 3 4],[0. 0. 0. 0. 0.]
[3 3 3 4],[0.0000000e+00 0.0000000e+00 0.0000000e+00 0.0000000e+00 5.6821307e-11]
[7 3 3 4],"[0.00000000e+00 0.00000000e+00 0.00000000e+00 0.00000000e+00
 4.36481407e-10]"
[5 3 3 4],"[0.00000000e+00 0.00000000e+00 0.00000000e+00 0.00000000e+00
 3.69436822e-11]"
[4 3 3 4],[0. 0. 0. 0. 0.]
[1 3 3 4],"[0.00000000e+00 0.00000000e+00 0.00000000e+00 0.00000000e+00
 7.33627788e-10]"
[1 3 3 3],[0.         0.         0.         0.         0.00696188]
[6 0 0 5],[0.00243902 0.         0.         0.         0.05925158]
[6 0 3 4],"[9.47009255e-04 0.00000000e+00 0.00000000e+00 0.00000000e+00
 3.61266095e-05]"
[6 3 3 4],[0.         0.         0.         0.         0.01565143]
[6 4 3 4],[0.         0.         0.         0.         0.01741541]
[6 7 3 4],[0.         0.         0.         0.         0.02344158]
[6 0 1 4],"[1.79281298e-07 0.00000000e+00 0.00000000e+00 0.00000000e+00
 1.17515526e-04]"
[6 3 1 4],"[0.00000000e+00 0.00000000e+00 0.00000000e+00 0.00000000e+00
 1.70949365e-06]"
[6 3 1 1],[0.0000000e+00 0.0000000e+00 0.0000000e+00 0.0000000e+00 1.0201555e-06]
[6 1 1 1],"[0.00000000e+00 0.00000000e+00 0.00000000e+00 0.00000000e+00
 8.60569254e-06]"
[6 7 1 1],"[0.00000000e+00 0.00000000e+00 0.00000000e+00 0.00000000e+00
 1.47460008e-06]"
[6 7 4 1],[0. 0. 0. 0. 0.]
[6 3 4 1],[0.         0.00226234 0.         0.         0.        ]
[6 4 4 1],[0. 0. 0. 0. 0.]
[6 1 4 1],[0. 0. 0. 0. 0.]
[6 1 4 4],[0.         0.         0.         0.         0.00314726]
[6 8 1 1],"[0.00000000e+00 1.60820016e-02 0.00000000e+00 0.00000000e+00
 1.42818041e-05]"
[6 6 7 1],[0.         0.08209292 0.         0.         0.26161457]
[6 6 5 1],[0.         0.         0.         0.         0.24018986]
[6 6 3 4],[0.         0.03234251 0.         0.         0.24660714]
[6 6 5 4],[0.         0.         0.         0.         0.21234458]
[6 6 7 4],[0.         0.         0.         0.         0.26914281]
[6 6 4 1],[0.         0.         0.         0.         0.24398251]
[6 6 8 1],[0.         0.87644607 0.         0.         0.7843524 ]
[0 5 0 3],[0. 0. 0. 0. 0.]
[3 5 0 3],[0. 0. 0. 0. 0.]
[1 5 0 3],[0. 0. 0. 0. 0.]
[1 5 3 3],[0. 0. 0. 0. 0.]
[7 5 3 3],[0. 0. 0. 0. 0.]
[4 5 3 3],[0. 0. 0. 0. 0.]
[4 0 3 3],[0.         0.         0.         0.         0.00387936]
[6 3 0 7],[0.00162114 0.         0.         0.         0.05390281]
[6 4 0 7],[0.00159706 0.01551425 0.         0.         0.05580833]
[6 1 0 7],[0.00026425 0.00949631 0.         0.         0.07117163]
[6 1 0 0],[0.40827208 0.13023961 0.         0.         0.34134724]
[6 8 3 0],[0.49794641 0.26539758 0.         0.         0.45797754]
[0 0 4 0],[0.         0.         0.         0.         0.01114763]
[0 0 7 0],"[2.59810482e-06 0.00000000e+00 0.00000000e+00 0.00000000e+00
 1.38156589e-02]"
[0 3 7 0],[0. 0. 0. 0. 0.]
[0 1 7 0],[0. 0. 0. 0. 0.]
[0 4 7 0],[0. 0. 0. 0. 0.]
[3 4 7 0],[0. 0. 0. 0. 0.]
[1 4 7 0],[0. 0. 0. 0. 0.]
[1 0 7 0],[0.         0.         0.         0.         0.00253539]
[1 0 7 3],[0. 0. 0. 0. 0.]
[0 0 0 7],[0.         0.         0.         0.         0.00625968]
[0 1 3 0],"[0.00000000e+00 0.00000000e+00 0.00000000e+00 0.00000000e+00
 1.36109241e-06]"
[3 1 3 0],"[3.45445056e-08 0.00000000e+00 0.00000000e+00 0.00000000e+00
 1.78087191e-05]"
[7 1 3 0],[1.0587319e-05 0.0000000e+00 0.0000000e+00 0.0000000e+00 0.0000000e+00]
[2 2 3 3],"[0.00000000e+00 0.00000000e+00 0.00000000e+00 0.00000000e+00
 3.31330618e-05]"
[8 4 3 3],[0.         0.02842255 0.         0.         0.00135709]
[6 2 2 3],[0.         0.         0.         0.         0.14192696]
[6 8 4 3],[0.         0.47737082 0.         0.         0.42167828]
[6 8 0 3],[0.37138362 0.50335703 0.         0.         0.45071881]
[3 3 3 3],[0.         0.         0.         0.         0.00072551]
[4 3 3 3],"[0.00000000e+00 9.24199163e-06 0.00000000e+00 0.00000000e+00
 2.37488479e-03]"
[7 3 3 3],[0.         0.         0.         0.         0.00481389]
[6 4 8 3],[0.         0.13179871 0.         0.         0.16453941]
[6 8 8 3],[0.         0.41362735 0.         0.         0.28604444]
[6 8 6 3],[0.         0.70867342 0.         0.         0.60386242]
[0 3 4 3],[0. 0. 0. 0. 0.]
[0 7 1 3],[0. 0. 0. 0. 0.]
[3 1 1 3],[0. 0. 0. 0. 0.]
[1 1 1 3],[0. 0. 0. 0. 0.]
[7 1 1 3],[0. 0. 0. 0. 0.]
[4 1 1 3],[0. 0. 0. 0. 0.]
[4 4 4 3],[0. 0. 0. 0. 0.]
[7 4 4 3],[0. 0. 0. 0. 0.]
[7 0 4 3],"[0.00000000e+00 0.00000000e+00 0.00000000e+00 0.00000000e+00
 2.01457446e-11]"
[4 0 4 3],"[0.00000000e+00 0.00000000e+00 0.00000000e+00 0.00000000e+00
 3.77561011e-11]"
[8 0 0 3],[0.07668763 0.27852124 0.         0.         0.24852871]
[6 3 0 1],[0.00665614 0.         0.         0.         0.05555792]
[6 1 0 1],[0.01985277 0.01614226 0.         0.         0.06139244]
[6 1 0 4],[0.00923871 0.         0.         0.         0.06157349]
[6 3 0 4],[0.0013225  0.         0.         0.         0.05355311]
[6 1 3 1],[0.         0.         0.         0.         0.03587568]
[6 2 3 2],[0.         0.         0.         0.         0.00756254]
[6 5 3 1],[0.         0.         0.         0.         0.01154842]
[6 1 3 4],"[0.00000000e+00 7.04030235e-06 0.00000000e+00 0.00000000e+00
 1.21238264e-02]"
[6 8 3 4],[0.         0.09767494 0.         0.         0.07590117]
[0 4 3 0],"[0.00000000e+00 0.00000000e+00 0.00000000e+00 0.00000000e+00
 2.22602346e-05]"
[3 4 3 0],"[0.00000000e+00 0.00000000e+00 0.00000000e+00 0.00000000e+00
 9.20150302e-05]"
[1 1 3 0],"[8.09983415e-05 0.00000000e+00 0.00000000e+00 0.00000000e+00
 2.62249569e-05]"
[4 1 3 0],"[0.00000000e+00 0.00000000e+00 0.00000000e+00 0.00000000e+00
 1.04597685e-06]"
[8 1 3 3],[0.         0.03769525 0.         0.         0.02730814]
[3 3 0 3],[0.        0.        0.        0.        0.0076006]
[3 1 0 0],"[3.10900551e-09 0.00000000e+00 0.00000000e+00 0.00000000e+00
 5.82995526e-03]"
[1 1 0 0],"[8.53264945e-06 5.30589033e-07 0.00000000e+00 0.00000000e+00
 9.35855280e-03]"
[7 1 0 0],[0.         0.         0.         0.         0.01338583]
[4 4 3 0],"[0.00000000e+00 0.00000000e+00 0.00000000e+00 0.00000000e+00
 4.41838284e-06]"
[0 7 3 0],"[0.00000000e+00 0.00000000e+00 0.00000000e+00 0.00000000e+00
 3.62901961e-08]"
[0 5 3 0],[0. 0. 0. 0. 0.]
[2 2 0 0],[0.         0.         0.         0.         0.00668212]
[0 8 0 3],[0.0000000e+00 5.3797963e-06 0.0000000e+00 0.0000000e+00 0.0000000e+00]
[0 6 0 3],"[5.97755145e-05 0.00000000e+00 0.00000000e+00 0.00000000e+00
 0.00000000e+00]"
[0 6 0 7],[0. 0. 0. 0. 0.]
[0 6 0 1],[0. 0. 0. 0. 0.]
[0 6 3 1],[0. 0. 0. 0. 0.]
[0 6 7 1],[0. 0. 0. 0. 0.]
[3 6 7 1],[0. 0. 0. 0. 0.]
[3 6 7 4],[0. 0. 0. 0. 0.]
[4 6 7 4],[0. 0. 0. 0. 0.]
[4 6 0 4],[0. 0. 0. 0. 0.]
[4 6 3 4],[0. 0. 0. 0. 0.]
[4 6 3 1],[0. 0. 0. 0. 0.]
[7 6 3 1],[0. 0. 0. 0. 0.]
[1 6 3 1],[0. 0. 0. 0. 0.]
[1 6 3 4],[0. 0. 0. 0. 0.]
[5 6 3 1],[0. 0. 0. 0. 0.]
[3 6 3 4],[0. 0. 0. 0. 0.]
[8 6 3 4],[0. 0. 0. 0. 0.]
[8 6 3 1],[0.         0.00057924 0.         0.         0.        ]
[6 6 5 0],[0.08552346 0.         0.         0.         0.55610496]
[0 3 0 1],[0. 0. 0. 0. 0.]
[0 7 0 1],[0. 0. 0. 0. 0.]
[0 7 0 4],[0. 0. 0. 0. 0.]
[0 4 0 4],[0. 0. 0. 0. 0.]
[0 1 0 4],[0. 0. 0. 0. 0.]
[0 1 0 1],[0. 0. 0. 0. 0.]
[0 3 0 4],[0. 0. 0. 0. 0.]
[0 8 0 4],[0. 0. 0. 0. 0.]
[0 8 0 0],"[0.00000000e+00 7.67758525e-07 0.00000000e+00 0.00000000e+00
 0.00000000e+00]"
[0 6 0 0],"[7.67758525e-06 0.00000000e+00 0.00000000e+00 0.00000000e+00
 0.00000000e+00]"
[0 6 3 0],[0.0000000e+00 0.0000000e+00 0.0000000e+00 0.0000000e+00 5.0131039e-08]
[3 6 3 0],[0. 0. 0. 0. 0.]
[4 6 3 0],"[0.00000000e+00 0.00000000e+00 0.00000000e+00 0.00000000e+00
 6.52063086e-06]"
[1 6 3 0],[0.00305961 0.         0.         0.         0.        ]
[1 6 3 3],[0.        0.        0.        0.        0.0338267]
[5 6 3 3],"[0.00000000e+00 0.00000000e+00 0.00000000e+00 0.00000000e+00
 4.51902261e-05]"
[0 6 3 3],"[5.79466668e-04 0.00000000e+00 0.00000000e+00 0.00000000e+00
 1.77531387e-05]"
[0 6 4 3],"[0.00000000e+00 0.00000000e+00 0.00000000e+00 0.00000000e+00
 1.09337748e-05]"
[0 6 5 3],"[0.00000000e+00 0.00000000e+00 0.00000000e+00 0.00000000e+00
 1.80089091e-06]"
[3 6 4 3],"[0.00000000e+00 0.00000000e+00 0.00000000e+00 0.00000000e+00
 3.35972668e-05]"
[3 6 1 3],[0. 0. 0. 0. 0.]
[4 6 1 3],[0. 0. 0. 0. 0.]
[1 6 4 3],"[0.00000000e+00 0.00000000e+00 0.00000000e+00 0.00000000e+00
 2.73881021e-06]"
[7 6 4 3],"[0.00000000e+00 0.00000000e+00 0.00000000e+00 0.00000000e+00
 3.33121511e-06]"
[7 6 0 3],[0.         0.         0.         0.         0.00198938]
[4 6 0 3],[0.         0.         0.         0.         0.00604461]
[1 6 0 3],[0.         0.         0.         0.         0.04168072]
[7 6 3 3],[0.         0.         0.         0.         0.00032487]
[4 6 3 3],[0.         0.         0.         0.         0.00070035]
[8 6 3 3],[0.         0.07838141 0.         0.         0.01514781]
[5 0 0 3],[0.         0.         0.         0.         0.05764574]
[5 3 3 3],"[0.00000000e+00 0.00000000e+00 0.00000000e+00 0.00000000e+00
 7.79170473e-05]"
[0 0 8 0],[0. 0. 0. 0. 0.]
[0 0 8 3],[0. 0. 0. 0. 0.]
[0 3 8 3],[0. 0. 0. 0. 0.]
[0 1 8 3],[0. 0. 0. 0. 0.]
[0 1 6 3],"[4.81608991e-06 0.00000000e+00 0.00000000e+00 0.00000000e+00
 0.00000000e+00]"
[3 1 6 3],[0.         0.         0.         0.         0.00010167]
[1 1 6 3],[0.         0.         0.         0.         0.00048621]
[1 4 6 3],[0.         0.         0.         0.         0.01869864]
[7 4 6 3],[0. 0. 0. 0. 0.]
[7 0 6 3],[0.         0.         0.         0.         0.00061364]
[4 0 6 3],[0. 0. 0. 0. 0.]
[8 0 6 3],[0.00652635 0.00606095 0.         0.         0.        ]
[6 0 6 7],[0.         0.         0.         0.         0.07761948]
[6 0 6 4],[0.01326834 0.         0.         0.         0.0862073 ]
[6 3 6 4],[0.         0.         0.         0.         0.09331252]
[6 4 6 4],[0.         0.         0.         0.         0.06095179]
[6 7 6 4],[0.         0.         0.         0.         0.06081145]
[6 1 6 4],[0.         0.         0.         0.         0.15117414]
[6 4 6 1],[0.         0.         0.         0.         0.16829579]
[6 8 6 1],[0.        0.6547091 0.        0.        0.5137854]
[1 3 0 0],[0.00182085 0.         0.         0.         0.07584963]
[3 3 0 0],"[2.10188374e-12 1.41925300e-02 0.00000000e+00 0.00000000e+00
 9.77279331e-02]"
[5 4 3 3],[0. 0. 0. 0. 0.]
[3 3 4 3],[0. 0. 0. 0. 0.]
[5 3 4 3],[0. 0. 0. 0. 0.]
[8 3 1 3],[0.         0.03088644 0.         0.         0.02232549]
[0 3 1 0],[0. 0. 0. 0. 0.]
[0 7 1 0],[0. 0. 0. 0. 0.]
[0 1 1 0],[0. 0. 0. 0. 0.]
[0 1 4 0],[0. 0. 0. 0. 0.]
[0 7 4 0],[0. 0. 0. 0. 0.]
[3 7 4 0],[0. 0. 0. 0. 0.]
[3 7 1 0],[0. 0. 0. 0. 0.]
[1 7 1 0],[0. 0. 0. 0. 0.]
[7 7 1 0],[0. 0. 0. 0. 0.]
[5 7 1 0],[0. 0. 0. 0. 0.]
[0 4 4 0],[0. 0. 0. 0. 0.]
[0 0 4 1],[0. 0. 0. 0. 0.]
[0 0 7 1],[0. 0. 0. 0. 0.]
[0 0 5 1],[0. 0. 0. 0. 0.]
[0 0 1 1],[0. 0. 0. 0. 0.]
[0 0 1 4],[0. 0. 0. 0. 0.]
[0 0 4 4],[0. 0. 0. 0. 0.]
[0 0 7 4],[0. 0. 0. 0. 0.]
[0 0 8 4],[0. 0. 0. 0. 0.]
[0 0 8 1],[0. 0. 0. 0. 0.]
[0 0 6 1],[0. 0. 0. 0. 0.]
[0 3 6 1],[0. 0. 0. 0. 0.]
[0 4 6 1],[0. 0. 0. 0. 0.]
[0 1 6 1],[0. 0. 0. 0. 0.]
[0 7 6 1],[0. 0. 0. 0. 0.]
[0 7 6 4],[0. 0. 0. 0. 0.]
[0 1 6 4],[0. 0. 0. 0. 0.]
[3 1 6 1],[0. 0. 0. 0. 0.]
[1 1 6 1],[0. 0. 0. 0. 0.]
[7 1 6 1],[0. 0. 0. 0. 0.]
[4 1 6 1],[0. 0. 0. 0. 0.]
[3 4 6 1],[0. 0. 0. 0. 0.]
[0 8 6 1],[0. 0. 0. 0. 0.]
[0 6 6 1],[0. 0. 0. 0. 0.]
[0 6 6 3],[0. 0. 0. 0. 0.]
[0 6 6 6],[0. 0. 0. 0. 0.]
[3 6 6 6],[0. 0. 0. 0. 0.]
[1 6 6 6],[0. 0. 0. 0. 0.]
[5 6 6 6],[0. 0. 0. 0. 0.]
[7 6 6 6],[0.    0.    0.    0.    0.009]
[8 6 6 6],[0.         0.19       0.         0.         0.04217031]
[3 0 0 1],[0.         0.         0.         0.         0.00334524]
[3 0 0 4],[0.         0.         0.         0.         0.00507265]
[4 0 0 4],[0.         0.         0.         0.         0.00774659]
[4 0 0 1],[0.         0.         0.         0.         0.00399938]
[4 3 0 1],[0. 0. 0. 0. 0.]
[4 3 3 1],"[0.00000000e+00 0.00000000e+00 0.00000000e+00 0.00000000e+00
 6.66842193e-06]"
[2 0 2 3],"[0.00000000e+00 0.00000000e+00 0.00000000e+00 0.00000000e+00
 2.81775146e-10]"
[6 6 0 5],[0.00304022 0.         0.         0.         0.18655546]
[0 0 5 0],[0.         0.         0.         0.         0.00812507]
[4 0 1 0],[0.         0.         0.         0.         0.00254878]
[0 2 0 2],[0. 0. 0. 0. 0.]
[0 4 0 1],[0. 0. 0. 0. 0.]
[0 0 3 7],[0. 0. 0. 0. 0.]
[0 0 1 7],[0.         0.         0.         0.         0.00083633]
[0 0 7 7],[0. 0. 0. 0. 0.]
[4 3 0 0],"[1.76451305e-09 0.00000000e+00 0.00000000e+00 0.00000000e+00
 1.27864167e-01]"
[7 3 0 0],[0.00189677 0.         0.         0.         0.07367503]
[5 3 0 0],[0.         0.         0.         0.         0.06104191]
[0 5 0 0],[0.         0.         0.         0.         0.00682841]
[0 0 5 3],"[0.00000000e+00 0.00000000e+00 0.00000000e+00 0.00000000e+00
 2.79265215e-06]"
[0 4 4 3],[0. 0. 0. 0. 0.]
[3 1 4 3],[0. 0. 0. 0. 0.]
[1 1 4 3],[0. 0. 0. 0. 0.]
[1 4 1 3],[0. 0. 0. 0. 0.]
[7 4 1 3],[0. 0. 0. 0. 0.]
[0 4 1 3],[0. 0. 0. 0. 0.]
[3 3 1 3],[0.         0.         0.         0.         0.00024539]
[7 0 3 0],[0.         0.00978615 0.         0.         0.08070765]
[2 3 2 3],[0. 0. 0. 0. 0.]
[0 4 7 3],[0. 0. 0. 0. 0.]
[0 3 4 0],[0. 0. 0. 0. 0.]
[3 3 4 0],[0. 0. 0. 0. 0.]
[1 3 4 0],[0. 0. 0. 0. 0.]
[4 3 1 0],[0. 0. 0. 0. 0.]
[1 3 1 0],[0.00018939 0.         0.         0.         0.        ]
[0 0 4 7],[0. 0. 0. 0. 0.]
[3 0 4 7],[0. 0. 0. 0. 0.]
[4 0 4 7],[0. 0. 0. 0. 0.]
[2 0 2 7],[0. 0. 0. 0. 0.]
[1 0 4 7],[0. 0. 0. 0. 0.]
[5 0 4 7],[0. 0. 0. 0. 0.]
[5 3 4 7],[0. 0. 0. 0. 0.]
[5 3 1 7],[0. 0. 0. 0. 0.]
[1 3 1 7],[0. 0. 0. 0. 0.]
[7 3 4 0],[0. 0. 0. 0. 0.]
[4 3 4 0],[0. 0. 0. 0. 0.]
[6 5 0 3],[0.02596001 0.         0.         0.         0.37162863]
[4 1 0 0],[0.         0.         0.         0.         0.00541598]
[3 6 0 1],[0. 0. 0. 0. 0.]
[3 6 3 1],[0. 0. 0. 0. 0.]
[7 6 3 4],[0. 0. 0. 0. 0.]
[3 0 3 4],[0. 0. 0. 0. 0.]
[7 0 3 4],[0. 0. 0. 0. 0.]
[5 0 3 4],[0. 0. 0. 0. 0.]
[1 0 3 4],"[3.29168208e-11 0.00000000e+00 0.00000000e+00 0.00000000e+00
 0.00000000e+00]"
[1 0 3 1],"[5.45598158e-09 0.00000000e+00 0.00000000e+00 0.00000000e+00
 0.00000000e+00]"
[7 0 3 1],[0. 0. 0. 0. 0.]
[8 0 3 1],[0. 0. 0. 0. 0.]
[6 0 2 2],[0.         0.         0.         0.         0.00049878]
[6 0 7 4],"[0.00000000e+00 0.00000000e+00 0.00000000e+00 0.00000000e+00
 4.23981146e-06]"
[6 4 1 4],"[0.00000000e+00 0.00000000e+00 0.00000000e+00 0.00000000e+00
 1.31927918e-06]"
[6 1 1 4],"[0.00000000e+00 0.00000000e+00 0.00000000e+00 0.00000000e+00
 1.24052905e-06]"
[6 4 4 0],[0.06397817 0.03305366 0.         0.         0.13459502]
[5 4 0 0],[0.         0.         0.         0.         0.00200667]
[1 0 0 1],[0.00023716 0.         0.         0.         0.00384292]
[1 0 0 4],"[1.13776335e-11 0.00000000e+00 0.00000000e+00 0.00000000e+00
 6.87829944e-03]"
[0 0 0 8],[0. 0. 0. 0. 0.]
[0 3 0 8],[0. 0. 0. 0. 0.]
[0 3 3 8],[0. 0. 0. 0. 0.]
[0 3 3 6],[0. 0. 0. 0. 0.]
[0 7 3 6],[0. 0. 0. 0. 0.]
[0 5 3 6],[0. 0. 0. 0. 0.]
[3 5 3 6],[0. 0. 0. 0. 0.]
[1 5 3 6],[0. 0. 0. 0. 0.]
[1 0 3 6],[0.         0.0048105  0.         0.         0.00065684]
[0 0 3 6],[0. 0. 0. 0. 0.]
[0 0 4 6],[0. 0. 0. 0. 0.]
[0 0 7 6],[0. 0. 0. 0. 0.]
[0 0 1 6],[0. 0. 0. 0. 0.]
[3 0 1 6],"[1.91505958e-07 0.00000000e+00 0.00000000e+00 0.00000000e+00
 0.00000000e+00]"
[7 0 1 6],[0. 0. 0. 0. 0.]
[1 0 1 6],[0. 0. 0. 0. 0.]
[1 0 4 6],[0. 0. 0. 0. 0.]
[1 0 0 6],[0.00043294 0.         0.         0.         0.        ]
[4 0 3 6],[0.         0.         0.         0.         0.00042862]
[1 3 3 6],[0.        0.        0.        0.        0.0002102]
[0 8 3 3],"[0.00000000e+00 2.74484211e-05 0.00000000e+00 0.00000000e+00
 0.00000000e+00]"
[0 6 7 3],"[0.00000000e+00 0.00000000e+00 0.00000000e+00 0.00000000e+00
 3.72656762e-06]"
[0 6 1 3],"[0.00000000e+00 0.00000000e+00 0.00000000e+00 0.00000000e+00
 9.53898234e-05]"
[1 6 1 3],[0.         0.         0.         0.         0.00018315]
[7 6 1 3],[0. 0. 0. 0. 0.]
[2 6 2 3],[0. 0. 0. 0. 0.]
[8 6 1 3],[0.         0.05343272 0.         0.         0.00049634]
[8 6 4 3],[0.         0.02117915 0.         0.         0.00015157]
[0 2 2 0],[0. 0. 0. 0. 0.]
[0 4 1 0],[0. 0. 0. 0. 0.]
[0 8 1 0],[0. 0. 0. 0. 0.]
[0 8 1 3],"[0.00000000e+00 1.63537445e-06 0.00000000e+00 0.00000000e+00
 0.00000000e+00]"
[0 8 4 3],[0. 0. 0. 0. 0.]
[3 8 4 3],[0. 0. 0. 0. 0.]
[1 8 1 3],[0. 0. 0. 0. 0.]
[7 8 1 3],[0. 0. 0. 0. 0.]
[4 8 1 3],[0. 0. 0. 0. 0.]
[5 8 1 3],[0. 0. 0. 0. 0.]
[3 8 1 3],[0. 0. 0. 0. 0.]
[1 8 4 3],[0. 0. 0. 0. 0.]
[4 4 1 3],[0. 0. 0. 0. 0.]
[5 4 1 3],[0. 0. 0. 0. 0.]
[5 0 1 3],"[0.00000000e+00 0.00000000e+00 0.00000000e+00 0.00000000e+00
 5.21549391e-09]"
[8 0 1 3],[0.         0.02436394 0.         0.         0.00900691]
[6 4 0 1],[0.01032534 0.02524587 0.         0.         0.0621972 ]
[6 4 0 4],[0.0063159  0.01759801 0.         0.         0.05477189]
[6 7 0 4],[0.00458066 0.01784805 0.         0.         0.08310286]
[6 7 0 1],[0.00887133 0.01643457 0.         0.         0.06057023]
[6 5 0 1],[0.00048815 0.         0.         0.         0.0561552 ]
[6 4 0 0],[0.25239485 0.06115481 0.         0.         0.32404363]
[6 7 0 0],[0.15969541 0.08565396 0.         0.         0.34927494]
[0 3 0 5],[0. 0. 0. 0. 0.]
[0 7 0 5],[0. 0. 0. 0. 0.]
[0 1 0 5],[0. 0. 0. 0. 0.]
[0 1 3 5],[0. 0. 0. 0. 0.]
[0 4 3 5],[0. 0. 0. 0. 0.]
[0 7 3 5],[0. 0. 0. 0. 0.]
[0 5 3 5],[0. 0. 0. 0. 0.]
[0 8 3 5],[0. 0. 0. 0. 0.]
[3 8 3 5],[0. 0. 0. 0. 0.]
[3 8 3 0],[0. 0. 0. 0. 0.]
[3 8 3 3],[0. 0. 0. 0. 0.]
[4 8 3 3],[0. 0. 0. 0. 0.]
[1 8 3 3],"[0.00000000e+00 2.42779208e-05 0.00000000e+00 0.00000000e+00
 0.00000000e+00]"
[7 8 3 3],[0. 0. 0. 0. 0.]
[5 8 3 3],[0. 0. 0. 0. 0.]
[1 6 0 1],[0. 0. 0. 0. 0.]
[1 6 0 4],[0. 0. 0. 0. 0.]
[4 6 0 0],[0.0000000e+00 0.0000000e+00 0.0000000e+00 0.0000000e+00 3.1089635e-07]
[1 6 0 0],"[5.89543370e-06 0.00000000e+00 0.00000000e+00 0.00000000e+00
 3.18392148e-02]"
[7 6 0 0],[0.         0.         0.         0.         0.00315552]
[3 6 0 0],"[1.28387144e-05 0.00000000e+00 0.00000000e+00 0.00000000e+00
 4.83438905e-07]"
[3 6 0 3],[0.         0.00014265 0.         0.         0.02087058]
[6 6 8 4],[0.         0.73702535 0.         0.         0.6507912 ]
[7 0 0 1],[0.        0.        0.        0.        0.0031955]
[5 0 0 1],[0.         0.         0.         0.         0.00085012]
[4 3 0 4],[0. 0. 0. 0. 0.]
[6 0 3 0],[0.32057438 0.02778173 0.         0.         0.15440165]
[6 0 7 0],[0.04577914 0.         0.         0.         0.16549076]
[6 0 1 0],[0.16165723 0.01106438 0.         0.         0.19814437]
[8 0 0 0],[0.24975014 0.25895614 0.         0.         0.23299892]
[6 0 4 0],[0.07142936 0.013076   0.         0.         0.14762931]
[6 6 4 8],[0.         0.02679327 0.         0.         0.37839462]
[4 6 4 3],"[0.00000000e+00 0.00000000e+00 0.00000000e+00 0.00000000e+00
 3.33121511e-05]"
[8 6 0 3],[0.         0.19354377 0.         0.         0.12627929]
[6 5 7 3],[0.         0.         0.         0.         0.10552825]
[6 7 7 3],[0.         0.02075366 0.         0.         0.18674282]
[3 0 7 3],[0. 0. 0. 0. 0.]
[1 3 7 3],[0. 0. 0. 0. 0.]
[7 3 7 3],[0.         0.00033125 0.         0.         0.        ]
[8 3 7 3],[0. 0. 0. 0. 0.]
[6 6 8 0],[0.6999618  0.70250659 0.         0.         0.62826447]
[2 0 0 2],[0.         0.         0.         0.         0.00290796]
[0 0 3 4],[0. 0. 0. 0. 0.]
[0 0 2 2],[0. 0. 0. 0. 0.]
[0 3 2 2],[0. 0. 0. 0. 0.]
[0 4 2 2],[0. 0. 0. 0. 0.]
[0 7 2 2],[0. 0. 0. 0. 0.]
[3 7 2 2],[0. 0. 0. 0. 0.]
[1 7 2 2],[0. 0. 0. 0. 0.]
[4 7 2 2],[0. 0. 0. 0. 0.]
[2 7 2 2],[0. 0. 0. 0. 0.]
[7 7 2 2],[0. 0. 0. 0. 0.]
[1 0 2 2],[0. 0. 0. 0. 0.]
[3 0 2 2],[0. 0. 0. 0. 0.]
[5 0 2 2],[0. 0. 0. 0. 0.]
[4 0 2 2],[0. 0. 0. 0. 0.]
[7 0 2 2],[0. 0. 0. 0. 0.]
[7 3 2 2],[0. 0. 0. 0. 0.]
[8 3 2 2],[0. 0. 0. 0. 0.]
[6 3 2 2],[0.         0.00240808 0.         0.         0.        ]
[6 1 2 2],[0. 0. 0. 0. 0.]
[6 5 2 2],[0. 0. 0. 0. 0.]
[6 0 4 1],[0.         0.         0.         0.         0.00422969]
[6 0 4 4],"[0.00000000e+00 0.00000000e+00 0.00000000e+00 0.00000000e+00
 9.32489007e-05]"
[6 3 4 4],[0.         0.         0.         0.         0.00158784]
[6 4 1 1],[0. 0. 0. 0. 0.]
[6 7 1 4],"[0.00000000e+00 1.36626503e-05 0.00000000e+00 0.00000000e+00
 1.16611252e-06]"
[6 7 1 0],[0.06232593 0.43525509 0.         0.         0.25313423]
[8 3 3 0],[0.00134783 0.18478045 0.         0.         0.13898798]
[6 4 4 4],[0.         0.         0.         0.         0.00140076]
[6 7 4 4],[0.         0.         0.         0.         0.01341602]
[0 3 5 3],[0. 0. 0. 0. 0.]
[0 1 5 3],[0. 0. 0. 0. 0.]
[3 1 5 3],[0. 0. 0. 0. 0.]
[2 2 5 3],[0. 0. 0. 0. 0.]
[1 1 5 3],[0. 0. 0. 0. 0.]
[7 1 5 3],[0. 0. 0. 0. 0.]
[6 1 5 3],[0.         0.         0.         0.         0.09617901]
[6 4 5 3],[0.         0.         0.         0.         0.06145322]
[6 7 5 3],[0.         0.         0.         0.         0.06799646]
[3 4 4 3],[0. 0. 0. 0. 0.]
[7 1 4 3],[0. 0. 0. 0. 0.]
[1 4 4 3],[0. 0. 0. 0. 0.]
[3 7 1 3],[0. 0. 0. 0. 0.]
[4 7 1 3],[0. 0. 0. 0. 0.]
[7 7 1 3],[0. 0. 0. 0. 0.]
[1 7 1 3],[0. 0. 0. 0. 0.]
[1 7 4 3],[0. 0. 0. 0. 0.]
[5 7 1 3],[0. 0. 0. 0. 0.]
[8 0 4 3],[0.         0.01111529 0.         0.         0.00617993]
[6 0 3 7],[0.         0.         0.         0.         0.00161824]
[6 0 1 7],"[0.00000000e+00 0.00000000e+00 0.00000000e+00 0.00000000e+00
 3.98981596e-06]"
[6 3 1 7],[0. 0. 0. 0. 0.]
[6 1 1 7],[0. 0. 0. 0. 0.]
[6 2 2 7],[0. 0. 0. 0. 0.]
[6 1 4 7],[0. 0. 0. 0. 0.]
[6 1 3 7],"[0.00000000e+00 8.73821482e-06 0.00000000e+00 0.00000000e+00
 1.95306990e-03]"
[6 7 3 7],[0.         0.         0.         0.         0.02055583]
[6 4 3 7],[0.         0.         0.         0.         0.01514547]
[0 0 0 6],[0. 0. 0. 0. 0.]
[3 0 0 6],[0. 0. 0. 0. 0.]
[3 3 0 6],[0. 0. 0. 0. 0.]
[4 3 0 6],[0. 0. 0. 0. 0.]
[4 3 3 6],[0.         0.         0.         0.         0.00193929]
[7 3 3 6],[0.         0.         0.         0.         0.00112043]
[0 4 3 6],[0. 0. 0. 0. 0.]
[0 3 1 6],"[2.62636743e-07 0.00000000e+00 0.00000000e+00 0.00000000e+00
 0.00000000e+00]"
[0 4 1 6],[0. 0. 0. 0. 0.]
[0 4 4 6],[0. 0. 0. 0. 0.]
[3 4 1 6],[0. 0. 0. 0. 0.]
[4 4 1 6],[0. 0. 0. 0. 0.]
[4 4 4 6],[0. 0. 0. 0. 0.]
[1 4 4 6],[0. 0. 0. 0. 0.]
[3 4 4 6],[0. 0. 0. 0. 0.]
[3 4 0 6],[0. 0. 0. 0. 0.]
[3 4 3 6],[0. 0. 0. 0. 0.]
[3 1 3 6],[0. 0. 0. 0. 0.]
[1 1 3 6],[0. 0. 0. 0. 0.]
[0 1 3 6],[0. 0. 0. 0. 0.]
[3 7 3 6],[0. 0. 0. 0. 0.]
[4 7 3 6],[0. 0. 0. 0. 0.]
[1 7 3 6],[0. 0. 0. 0. 0.]
[5 7 3 6],[0. 0. 0. 0. 0.]
[7 7 3 6],[0. 0. 0. 0. 0.]
[8 7 3 6],[0. 0. 0. 0. 0.]
[6 7 3 6],[0.         0.         0.         0.         0.10293687]
[6 4 3 6],[0.         0.         0.         0.         0.11091842]
[6 1 3 6],[0.         0.         0.         0.         0.07974244]
[6 5 3 6],[0.         0.         0.         0.         0.05168486]
[0 5 1 3],[0. 0. 0. 0. 0.]
[5 3 1 3],[0.         0.         0.         0.         0.00017829]
[4 7 3 3],[0.         0.         0.         0.         0.00079254]
[3 3 7 3],[0. 0. 0. 0. 0.]
[4 3 7 3],[0. 0. 0. 0. 0.]
[0 8 4 0],[0. 0. 0. 0. 0.]
[0 6 4 0],"[5.57011544e-07 0.00000000e+00 0.00000000e+00 0.00000000e+00
 4.51179351e-09]"
[0 6 1 0],[0. 0. 0. 0. 0.]
[0 6 7 0],"[0.00000000e+00 0.00000000e+00 0.00000000e+00 0.00000000e+00
 4.51179351e-08]"
[3 6 7 0],[0. 0. 0. 0. 0.]
[4 6 7 0],[0. 0. 0. 0. 0.]
[1 6 7 0],[0. 0. 0. 0. 0.]
[1 6 7 3],[0. 0. 0. 0. 0.]
[3 6 7 3],[0. 0. 0. 0. 0.]
[7 6 7 3],[0. 0. 0. 0. 0.]
[8 6 7 3],[0.         0.00245487 0.         0.         0.        ]
[3 0 0 7],"[0.00000000e+00 0.00000000e+00 0.00000000e+00 0.00000000e+00
 6.32683046e-05]"
[4 0 0 7],"[0.00000000e+00 0.00000000e+00 0.00000000e+00 0.00000000e+00
 9.58411427e-06]"
[1 0 0 7],"[0.00000000e+00 0.00000000e+00 0.00000000e+00 0.00000000e+00
 5.64509655e-05]"
[7 0 0 7],"[2.24012310e-09 0.00000000e+00 0.00000000e+00 0.00000000e+00
 3.37040097e-04]"
[7 3 0 7],"[2.48902567e-08 0.00000000e+00 0.00000000e+00 0.00000000e+00
 0.00000000e+00]"
[6 3 3 1],[0.         0.         0.         0.         0.02307181]
[6 7 3 1],[0.         0.00057924 0.         0.         0.03734093]
[6 4 3 1],[0.         0.         0.         0.         0.03019441]
[6 6 3 5],[0.         0.         0.         0.         0.03711597]
[6 6 7 5],[0.         0.         0.         0.         0.04642187]
[6 6 1 5],[0.         0.         0.         0.         0.11433237]
[6 6 4 5],[0.         0.         0.         0.         0.05037519]
[2 3 0 2],[0. 0. 0. 0. 0.]
[2 3 3 2],"[0.00000000e+00 0.00000000e+00 0.00000000e+00 0.00000000e+00
 3.32493139e-12]"
[1 3 3 1],"[0.00000000e+00 0.00000000e+00 0.00000000e+00 0.00000000e+00
 1.47302173e-07]"
[7 3 3 1],"[0.00000000e+00 0.00000000e+00 0.00000000e+00 0.00000000e+00
 1.32571956e-08]"
[0 4 3 4],[0. 0. 0. 0. 0.]
[0 1 3 4],[0. 0. 0. 0. 0.]
[0 1 3 1],[0. 0. 0. 0. 0.]
[0 7 3 1],[0. 0. 0. 0. 0.]
[0 4 3 1],[0. 0. 0. 0. 0.]
[0 7 3 4],[0. 0. 0. 0. 0.]
[5 1 3 0],"[0.00000000e+00 0.00000000e+00 0.00000000e+00 0.00000000e+00
 4.41838284e-06]"
[4 0 3 4],[0. 0. 0. 0. 0.]
[5 0 3 1],[0. 0. 0. 0. 0.]
[5 3 3 1],"[0.00000000e+00 0.00000000e+00 0.00000000e+00 0.00000000e+00
 6.86487066e-07]"
[3 1 3 1],[0. 0. 0. 0. 0.]
[1 1 3 1],[0. 0. 0. 0. 0.]
[1 4 3 1],[0. 0. 0. 0. 0.]
[4 4 3 1],[0. 0. 0. 0. 0.]
[5 4 3 1],[0. 0. 0. 0. 0.]
[5 1 3 4],[0. 0. 0. 0. 0.]
[1 1 3 4],[0. 0. 0. 0. 0.]
[4 1 3 4],[0. 0. 0. 0. 0.]
[4 1 3 1],[0. 0. 0. 0. 0.]
[3 1 3 4],[0. 0. 0. 0. 0.]
[3 4 3 4],[0. 0. 0. 0. 0.]
[1 4 3 4],[0. 0. 0. 0. 0.]
[5 4 3 4],[0. 0. 0. 0. 0.]
[7 1 3 1],[0. 0. 0. 0. 0.]
[8 1 3 1],[0. 0. 0. 0. 0.]
[8 1 3 4],"[0.00000000e+00 0.00000000e+00 0.00000000e+00 0.00000000e+00
 2.34299922e-05]"
[6 8 3 1],[0.         0.00156974 0.         0.         0.11041072]
[3 3 0 1],[0. 0. 0. 0. 0.]
[1 3 0 1],[0.         0.00124821 0.         0.         0.00021344]
[3 3 3 1],[0.000000e+00 0.000000e+00 0.000000e+00 0.000000e+00 5.179107e-07]
[3 3 1 0],[0. 0. 0. 0. 0.]
[7 3 1 0],[0.00010892 0.         0.         0.         0.        ]
[6 0 1 1],[0.         0.         0.         0.         0.00238403]
[6 6 5 5],[0.         0.         0.         0.         0.02845041]
[1 3 6 3],[0.         0.0093492  0.         0.         0.00853407]
[7 3 6 3],[0.         0.         0.         0.         0.00422818]
[3 3 6 3],[0.         0.         0.         0.         0.02354821]
[5 3 6 3],[0. 0. 0. 0. 0.]
[0 3 6 3],"[0.00000000e+00 0.00000000e+00 0.00000000e+00 0.00000000e+00
 4.33448092e-07]"
[7 1 6 3],[0.         0.         0.         0.         0.00347807]
[4 1 6 3],[0.         0.         0.         0.         0.00047202]
[0 4 6 3],"[2.69693198e-06 0.00000000e+00 0.00000000e+00 0.00000000e+00
 0.00000000e+00]"
[0 7 6 3],"[0.00000000e+00 0.00000000e+00 0.00000000e+00 0.00000000e+00
 4.33448092e-07]"
[3 4 6 3],"[0.00000000e+00 0.00000000e+00 0.00000000e+00 0.00000000e+00
 5.69352307e-05]"
[1 0 6 3],"[8.41428084e-04 0.00000000e+00 0.00000000e+00 0.00000000e+00
 7.49712423e-05]"
[0 0 6 3],[0. 0. 0. 0. 0.]
[0 0 6 4],[0. 0. 0. 0. 0.]
[0 0 6 7],[0. 0. 0. 0. 0.]
[0 0 6 0],[0. 0. 0. 0. 0.]
[3 0 6 0],[0. 0. 0. 0. 0.]
[1 0 6 0],"[7.57285276e-05 0.00000000e+00 0.00000000e+00 0.00000000e+00
 2.34387366e-05]"
[4 0 6 0],[0. 0. 0. 0. 0.]
[8 3 6 3],[0.         0.10021584 0.         0.         0.03764292]
[6 7 6 3],[0.         0.         0.         0.         0.28459624]
[6 0 0 8],"[2.04076772e-05 2.75150783e-02 0.00000000e+00 0.00000000e+00
 7.25272424e-02]"
[6 0 0 6],[0.06787116 0.         0.         0.         0.09668566]
[6 0 3 6],[0.05787746 0.         0.         0.         0.03188749]
[6 3 3 6],[0.         0.         0.         0.         0.07764486]
[6 8 3 6],[0.         0.32659226 0.         0.         0.28287336]
[5 4 3 0],[0. 0. 0. 0. 0.]
[7 4 3 0],"[8.40387524e-05 0.00000000e+00 0.00000000e+00 0.00000000e+00
 1.84052012e-03]"
[3 7 0 3],[0. 0. 0. 0. 0.]
[1 7 0 3],[0.00020755 0.         0.         0.         0.        ]
[5 7 0 3],[0. 0. 0. 0. 0.]
[5 7 3 3],[0. 0. 0. 0. 0.]
[0 3 0 7],"[0.00000000e+00 0.00000000e+00 0.00000000e+00 0.00000000e+00
 6.84566233e-05]"
[0 4 0 7],[0. 0. 0. 0. 0.]
[0 1 0 7],[0. 0. 0. 0. 0.]
[0 2 2 3],[0. 0. 0. 0. 0.]
[4 8 4 3],[0. 0. 0. 0. 0.]
[5 6 4 3],[0.0000000e+00 0.0000000e+00 0.0000000e+00 0.0000000e+00 4.7284087e-07]
[3 6 3 3],[0.         0.00338869 0.         0.         0.00429583]
[4 3 6 3],[0.         0.02087732 0.         0.         0.00967541]
[2 2 6 3],[0. 0. 0. 0. 0.]
[4 4 6 3],[0.         0.         0.         0.         0.00186986]
[3 0 6 3],[0. 0. 0. 0. 0.]
[0 0 6 5],[0. 0. 0. 0. 0.]
[0 3 6 5],[0. 0. 0. 0. 0.]
[0 1 6 5],[0. 0. 0. 0. 0.]
[0 7 6 5],[0. 0. 0. 0. 0.]
[0 4 6 5],[0. 0. 0. 0. 0.]
[3 1 6 5],[0. 0. 0. 0. 0.]
[4 1 6 5],[0. 0. 0. 0. 0.]
[7 1 6 5],[0. 0. 0. 0. 0.]
[1 1 6 5],[0. 0. 0. 0. 0.]
[1 1 6 0],[0. 0. 0. 0. 0.]
[1 4 6 0],[0. 0. 0. 0. 0.]
[7 4 6 0],[0. 0. 0. 0. 0.]
[8 4 6 0],[0. 0. 0. 0. 0.]
[6 4 6 0],[0.00546002 0.         0.         0.         0.22440642]
[6 1 6 0],[0.1243704  0.         0.         0.         0.21816308]
[6 0 6 6],[0.13931088 0.         0.         0.         0.009     ]
[6 3 6 6],[0.         0.1        0.         0.         0.25685831]
[6 4 6 6],[0.         0.         0.         0.         0.23109517]
[6 1 6 6],[0.         0.1        0.         0.         0.23494798]
[6 7 6 6],[0.         0.         0.         0.         0.22924246]
[6 5 6 6],[0.         0.         0.         0.         0.12460546]
[6 8 6 6],[0.         0.79410887 0.         0.         0.63982364]
[7 0 0 4],[0.         0.         0.         0.         0.00685165]
[5 0 0 4],[0.         0.         0.         0.         0.00048281]
[4 0 3 1],[0. 0. 0. 0. 0.]
[6 5 3 4],[0.         0.         0.         0.         0.00788836]
[6 6 7 8],[0.         0.06937905 0.         0.         0.31525498]
[3 0 7 0],[0.         0.         0.         0.         0.00312612]
[6 6 7 7],[0.         0.04014314 0.         0.         0.23044488]
[3 5 0 0],[0. 0. 0. 0. 0.]
[1 5 0 0],[0. 0. 0. 0. 0.]
[7 5 0 0],[0. 0. 0. 0. 0.]
[7 7 0 0],[0.         0.         0.         0.         0.00015082]
[5 7 0 0],"[0.00000000e+00 0.00000000e+00 0.00000000e+00 0.00000000e+00
 1.58115136e-05]"
[4 7 0 0],[0.0000000e+00 0.0000000e+00 0.0000000e+00 0.0000000e+00 1.4969414e-05]
[6 3 0 6],[0.02813845 0.         0.         0.         0.12240072]
[6 1 0 6],[0.02517488 0.02737263 0.         0.         0.11133225]
[6 4 0 6],[0.01100192 0.         0.         0.         0.13971127]
[6 7 0 6],[0.02415333 0.0307117  0.         0.         0.11644827]
[6 0 1 6],[0.02223019 0.         0.         0.         0.0387157 ]
[6 0 4 6],"[1.69806840e-09 0.00000000e+00 0.00000000e+00 0.00000000e+00
 3.21448933e-02]"
[6 0 7 6],[0.         0.         0.         0.         0.03082309]
[6 3 7 6],[0.         0.         0.         0.         0.00724275]
[6 4 7 6],[0.         0.         0.         0.         0.00524154]
[6 1 7 6],[0.         0.00221028 0.         0.         0.00813646]
[6 5 7 6],[0.        0.        0.        0.        0.0047129]
[6 0 5 0],[0.00930421 0.         0.         0.         0.12716426]
[6 0 8 0],[0.0171225  0.02610743 0.         0.         0.13575118]
[6 3 8 0],[0.00912146 0.         0.         0.         0.14612667]
[6 1 8 0],[0.04091686 0.01664907 0.         0.         0.15986554]
[6 7 6 0],[0.023549   0.         0.         0.         0.22491318]
[6 0 6 0],[0.20356256 0.         0.         0.         0.09986729]
[6 3 6 0],[0.044154   0.         0.         0.         0.23292722]
[6 3 6 7],[0.         0.         0.         0.         0.04113558]
[6 7 6 7],[0.         0.         0.         0.         0.04182067]
[6 1 6 7],[0.         0.00325621 0.         0.         0.0677482 ]
[6 5 6 7],[0.        0.        0.        0.        0.0138495]
[6 8 6 0],[0.04271486 0.65904508 0.         0.         0.58258315]
[6 5 0 7],"[2.62953605e-05 1.69424467e-02 0.00000000e+00 0.00000000e+00
 4.95455433e-02]"
[6 3 1 0],[0.0362625  0.         0.         0.         0.26715914]
[6 1 1 0],[0.06452224 0.09834113 0.         0.         0.29346732]
[6 1 4 0],[0.06824927 0.08639178 0.         0.         0.13627961]
[6 5 4 0],[0.         0.         0.         0.         0.11623833]
[6 5 1 0],[0.00050751 0.         0.         0.         0.25906437]
[6 3 3 7],[0.         0.         0.         0.         0.01349135]
[1 3 0 4],"[6.65358682e-11 0.00000000e+00 0.00000000e+00 0.00000000e+00
 5.38940532e-12]"
[0 6 0 4],"[0.00000000e+00 0.00000000e+00 0.00000000e+00 0.00000000e+00
 9.19945168e-07]"
[6 7 0 7],[0.0004247  0.         0.         0.         0.05965578]
[6 8 0 7],[0.00273725 0.19012922 0.         0.         0.16875605]
[6 5 0 0],[0.09568891 0.         0.         0.         0.33740385]
[6 0 6 5],[0.         0.         0.         0.         0.06592073]
[6 3 6 5],[0. 0. 0. 0. 0.]
[6 4 6 5],[0. 0. 0. 0. 0.]
[6 7 6 5],[0. 0. 0. 0. 0.]
[6 1 6 5],[0. 0. 0. 0. 0.]
[6 5 6 5],[0. 0. 0. 0. 0.]
[6 3 4 0],[0.02135427 0.01668869 0.         0.         0.12726422]
[6 3 7 0],[0.01525657 0.         0.         0.         0.11536159]
[6 1 7 0],[0.05722984 0.         0.         0.         0.12839513]
[6 5 0 4],[0.         0.0054597  0.         0.         0.05018302]
[6 4 7 0],[0.03135549 0.         0.         0.         0.10940183]
[6 4 1 0],[0.05593979 0.         0.         0.         0.30753959]
[6 7 4 0],[0.01795984 0.         0.         0.         0.17964532]
[6 8 0 0],[0.44535629 0.44465977 0.         0.         0.39974603]
[6 0 5 1],[0.         0.         0.         0.         0.00021631]
[6 3 7 1],[0. 0. 0. 0. 0.]
[6 1 7 1],[0. 0. 0. 0. 0.]
[6 7 7 1],[0. 0. 0. 0. 0.]
[6 7 6 1],[0.         0.         0.         0.         0.24501759]
[6 2 2 0],[0.01591962 0.         0.         0.         0.2039693 ]
[6 0 6 8],[0.         0.05623708 0.         0.         0.03365229]
[6 3 6 8],[0.         0.         0.         0.         0.01944555]
[6 7 6 8],[0.         0.02345282 0.         0.         0.01569973]
[6 1 6 8],[0.         0.09181855 0.         0.         0.02068828]
[6 4 6 8],[0.         0.         0.         0.         0.00961758]
[6 5 6 8],[0.         0.         0.         0.         0.00451089]
[6 2 0 2],[0.         0.         0.         0.         0.05367297]
[6 6 8 8],[0.         0.83785186 0.         0.         0.68798593]
[6 8 1 0],[0.4939941  0.16560225 0.         0.         0.47377149]
[6 3 5 0],[0.       0.       0.       0.       0.035484]
[6 1 5 0],[0.00026702 0.         0.         0.         0.04136457]
[6 4 5 0],[0.         0.         0.         0.         0.05114779]
[6 2 4 2],[0. 0. 0. 0. 0.]
[6 5 3 7],[0.         0.         0.         0.         0.00162605]
[6 4 1 7],[0. 0. 0. 0. 0.]
[6 7 1 7],[0. 0. 0. 0. 0.]
[6 7 7 0],[0.01601286 0.03675313 0.         0.         0.18002655]
[6 5 7 0],[0.         0.         0.         0.         0.09644659]
[6 3 0 5],[0.         0.         0.         0.         0.01842142]
[6 7 0 5],"[1.49763379e-08 0.00000000e+00 0.00000000e+00 0.00000000e+00
 2.41408157e-02]"
[6 6 5 7],[0.         0.         0.         0.         0.19725102]
[6 8 4 0],[0.13430327 0.1867492  0.         0.         0.29820496]
[6 3 0 8],[0.         0.08198735 0.         0.         0.09731074]
[6 7 0 8],[0.         0.01116922 0.         0.         0.09790356]
[3 0 4 0],[0.       0.       0.       0.       0.006401]
[6 7 5 0],[0.00059851 0.         0.         0.         0.06234848]
[5 0 3 3],[0.         0.         0.         0.         0.00078259]
[3 6 4 0],[0. 0. 0. 0. 0.]
[5 6 1 3],[0. 0. 0. 0. 0.]
[6 5 6 0],[0.00745634 0.         0.         0.         0.1806219 ]
[6 1 0 5],"[1.13171124e-09 0.00000000e+00 0.00000000e+00 0.00000000e+00
 3.07494798e-02]"
[6 1 3 5],"[0.00000000e+00 0.00000000e+00 0.00000000e+00 0.00000000e+00
 3.63250348e-08]"
[6 4 3 5],"[0.00000000e+00 0.00000000e+00 0.00000000e+00 0.00000000e+00
 1.51111249e-07]"
[6 7 3 5],"[0.00000000e+00 0.00000000e+00 0.00000000e+00 0.00000000e+00
 1.35985919e-07]"
[6 8 3 5],"[0.00000000e+00 4.02793677e-03 0.00000000e+00 0.00000000e+00
 5.72262511e-07]"
[8 3 0 0],[0.06139264 0.29306059 0.         0.         0.26051361]
[6 3 3 8],[0.         0.         0.         0.         0.00386276]
[6 7 3 8],"[0.00000000e+00 1.17706523e-07 0.00000000e+00 0.00000000e+00
 9.13434076e-03]"
[6 4 0 5],[0.         0.         0.         0.         0.01664368]
[6 1 0 8],[0.0112031  0.11459283 0.         0.         0.09418418]
[6 5 0 6],[0.         0.         0.         0.         0.10002948]
[6 6 5 8],[0.         0.         0.         0.         0.30030082]
[6 8 0 1],[0.03931567 0.20607592 0.         0.         0.18110492]
[6 8 0 4],[0.02639111 0.20369942 0.         0.         0.1796947 ]
[6 8 3 7],[0.         0.03041391 0.         0.         0.00860849]
[6 4 6 7],[0.         0.         0.         0.         0.00820927]
[6 8 6 4],[0.         0.44024187 0.         0.         0.37312314]
[6 6 8 7],[0.         0.88769331 0.         0.         0.79734423]
[6 8 7 3],[0.         0.42875556 0.         0.         0.3579817 ]
[3 0 3 1],[0. 0. 0. 0. 0.]
[5 3 3 0],"[0.00000000e+00 0.00000000e+00 0.00000000e+00 0.00000000e+00
 4.24156935e-05]"
[5 1 1 3],[0. 0. 0. 0. 0.]
[5 4 4 3],[0. 0. 0. 0. 0.]
[6 0 3 5],[0. 0. 0. 0. 0.]
[6 0 1 5],[0. 0. 0. 0. 0.]
[6 0 7 5],[0. 0. 0. 0. 0.]
[6 3 1 5],[0. 0. 0. 0. 0.]
[4 3 0 7],[0. 0. 0. 0. 0.]
[1 3 0 7],"[2.13033478e-09 0.00000000e+00 0.00000000e+00 0.00000000e+00
 0.00000000e+00]"
[0 7 0 7],[0. 0. 0. 0. 0.]
[0 6 1 1],[0. 0. 0. 0. 0.]
[0 6 4 1],[0. 0. 0. 0. 0.]
[7 6 7 1],[0. 0. 0. 0. 0.]
[1 6 7 1],[0. 0. 0. 0. 0.]
[1 6 7 4],[0. 0. 0. 0. 0.]
[7 6 7 4],[0. 0. 0. 0. 0.]
[8 6 7 0],[0.         0.00923926 0.         0.         0.        ]
[6 0 3 8],"[0.00000000e+00 8.36723132e-05 0.00000000e+00 0.00000000e+00
 3.95161230e-05]"
[6 1 3 8],[0.         0.02432116 0.         0.         0.0093181 ]
[6 3 4 6],[0.         0.         0.         0.         0.04610088]
[6 3 1 6],[0.         0.         0.         0.         0.06462502]
[6 4 1 6],[0.         0.         0.         0.         0.05552872]
[6 1 4 6],[0.         0.         0.         0.         0.02438435]
[6 1 1 6],[0.         0.         0.         0.         0.04898459]
[6 7 1 6],[0.         0.01468646 0.         0.         0.05457148]
[6 0 8 6],[0.00081    0.         0.         0.         0.05059756]
[6 3 8 6],[0.         0.0171     0.         0.         0.01882218]
[6 4 8 0],"[4.82230360e-05 1.64272054e-02 0.00000000e+00 0.00000000e+00
 1.56052225e-01]"
[6 7 8 0],[0.         0.02628264 0.         0.         0.25435001]
[6 5 8 0],[0.01296514 0.         0.         0.         0.14193249]
[5 1 0 0],[0.         0.         0.         0.         0.00354382]
[8 1 3 0],"[5.51787046e-05 0.00000000e+00 0.00000000e+00 0.00000000e+00
 0.00000000e+00]"
[8 4 3 0],[0.         0.02045022 0.         0.         0.        ]
[6 5 0 5],[0.         0.         0.         0.         0.01405039]
[6 5 3 5],"[0.00000000e+00 0.00000000e+00 0.00000000e+00 0.00000000e+00
 3.30227589e-09]"
[6 5 6 1],[0.         0.         0.         0.         0.14473144]
[6 5 6 4],[0.         0.         0.         0.         0.05188328]
[5 0 3 0],[0.         0.         0.         0.         0.06692282]
[8 4 3 1],"[0.00000000e+00 3.66721984e-05 0.00000000e+00 0.00000000e+00
 0.00000000e+00]"
[6 4 0 8],[0.00027293 0.11114227 0.         0.         0.09625507]
[6 5 0 8],[0.00025562 0.         0.         0.         0.07215283]
[6 2 6 2],[0.         0.         0.         0.         0.08088921]
[6 5 5 0],[0.         0.         0.         0.         0.02181286]
[6 8 0 6],[0.04855021 0.30223885 0.         0.         0.26964695]
[6 4 4 6],[0.         0.03262019 0.         0.         0.02848553]
[6 2 2 6],[0.         0.         0.         0.         0.03136798]
[6 8 0 5],"[1.66403754e-07 1.05054067e-01 0.00000000e+00 0.00000000e+00
 8.52699220e-02]"
[6 8 8 0],[0.         0.51725753 0.         0.         0.4616097 ]
[6 3 5 3],[0.        0.        0.        0.        0.0655665]
[6 2 2 2],[0. 0. 0. 0. 0.]
[6 4 2 2],[0. 0. 0. 0. 0.]
[7 0 7 3],[0. 0. 0. 0. 0.]
[5 0 7 3],[0. 0. 0. 0. 0.]
[7 0 1 0],"[3.41517232e-09 0.00000000e+00 0.00000000e+00 0.00000000e+00
 4.97923940e-03]"
[2 0 2 0],[0.        0.        0.        0.        0.0019129]
[5 0 1 0],"[1.82486730e-10 0.00000000e+00 0.00000000e+00 0.00000000e+00
 1.03871122e-03]"
[4 0 7 0],[0.         0.00971632 0.         0.         0.00319587]
[7 0 7 0],[0.         0.         0.         0.         0.00192867]
[0 0 3 8],[0. 0. 0. 0. 0.]
[3 0 3 8],[0. 0. 0. 0. 0.]
[3 0 3 6],[0.         0.         0.         0.         0.00043294]
[7 0 3 6],[0. 0. 0. 0. 0.]
[5 3 3 6],[0. 0. 0. 0. 0.]
[3 3 3 6],[0.         0.         0.         0.         0.00075086]
[8 3 3 6],[0.         0.02686327 0.         0.         0.00703648]
[6 5 5 3],[0.         0.         0.         0.         0.02382817]
[6 8 5 3],[0.         0.14725871 0.         0.         0.10345227]
[6 6 8 5],[0.         0.24449184 0.         0.         0.16586892]
[1 4 3 0],[0.00102239 0.         0.         0.         0.00040675]
[7 6 3 0],"[2.92381022e-05 0.00000000e+00 0.00000000e+00 0.00000000e+00
 0.00000000e+00]"
[0 6 6 7],[0. 0. 0. 0. 0.]
[0 6 6 5],[0. 0. 0. 0. 0.]
[0 6 6 4],[0. 0. 0. 0. 0.]
[0 6 6 8],[0. 0. 0. 0. 0.]
[3 6 6 8],[0. 0. 0. 0. 0.]
[1 6 6 8],[0. 0. 0. 0. 0.]
[4 6 6 8],[0. 0. 0. 0. 0.]
[4 6 6 6],[0. 0. 0. 0. 0.]
[6 5 3 8],[0.         0.00014315 0.         0.         0.00443919]
[5 3 1 0],[0. 0. 0. 0. 0.]
[8 3 4 0],[0.         0.00102958 0.         0.         0.        ]
[7 0 4 0],[0.         0.         0.         0.         0.00573423]
[4 0 4 0],[0.         0.         0.         0.         0.00956422]
[0 3 6 0],"[0.00000000e+00 0.00000000e+00 0.00000000e+00 0.00000000e+00
 6.81812695e-06]"
[0 7 6 0],"[0.00000000e+00 0.00000000e+00 0.00000000e+00 0.00000000e+00
 3.15983659e-08]"
[0 4 6 0],"[0.00000000e+00 0.00000000e+00 0.00000000e+00 0.00000000e+00
 2.84385293e-08]"
[5 1 6 3],"[0.00000000e+00 0.00000000e+00 0.00000000e+00 0.00000000e+00
 2.06318507e-05]"
[8 1 6 3],[0.         0.03953705 0.         0.         0.01783986]
[8 4 6 3],[0.         0.01081362 0.         0.         0.00401135]
[6 8 1 6],[0.         0.26639919 0.         0.         0.23630004]
[6 8 4 6],[0.         0.25051818 0.         0.         0.18186887]
[6 4 3 8],[0.         0.00067234 0.         0.         0.00300222]
[6 0 5 6],[0.         0.         0.         0.         0.02172922]
[6 7 4 6],[0.         0.         0.         0.         0.01888443]
[6 5 1 6],[0.         0.         0.         0.         0.03967902]
[7 3 0 1],[0. 0. 0. 0. 0.]
[8 3 3 4],"[0.00000000e+00 1.73441748e-04 0.00000000e+00 0.00000000e+00
 2.35823680e-09]"
[8 3 3 1],"[0.00000000e+00 3.75710845e-04 0.00000000e+00 0.00000000e+00
 4.43902501e-05]"
[6 7 7 6],[0.         0.         0.         0.         0.01244268]
[1 3 4 6],[0. 0. 0. 0. 0.]
[1 3 1 6],[0.         0.         0.         0.         0.00073312]
[4 3 1 6],[0. 0. 0. 0. 0.]
[7 3 1 6],[0.         0.00497791 0.         0.         0.00040321]
[8 3 1 6],"[0.00000000e+00 3.72792326e-03 0.00000000e+00 0.00000000e+00
 5.12271246e-05]"
[6 0 1 8],"[0.00000000e+00 3.49207098e-03 0.00000000e+00 0.00000000e+00
 6.07935487e-05]"
[3 3 0 4],[0. 0. 0. 0. 0.]
[7 3 0 4],[0. 0. 0. 0. 0.]
[3 1 0 1],[0. 0. 0. 0. 0.]
[3 4 0 1],[0. 0. 0. 0. 0.]
[1 4 0 1],[0. 0. 0. 0. 0.]
[7 4 3 1],[0. 0. 0. 0. 0.]
[6 0 5 5],[0. 0. 0. 0. 0.]
[2 2 0 3],"[0.00000000e+00 0.00000000e+00 0.00000000e+00 0.00000000e+00
 2.98405236e-08]"
[6 5 8 3],[0.         0.         0.         0.         0.14920352]
[6 8 7 0],[0.01078139 0.43744013 0.         0.         0.37685863]
[3 3 1 6],"[0.00000000e+00 0.00000000e+00 0.00000000e+00 0.00000000e+00
 8.13904936e-05]"
[7 3 4 6],[0. 0. 0. 0. 0.]
[5 3 0 4],"[0.00000000e+00 0.00000000e+00 0.00000000e+00 0.00000000e+00
 5.98822813e-12]"
[0 2 3 2],[0. 0. 0. 0. 0.]
[0 5 3 4],[0. 0. 0. 0. 0.]
[0 5 3 1],[0. 0. 0. 0. 0.]
[3 0 1 1],[0. 0. 0. 0. 0.]
[2 0 2 1],[0. 0. 0. 0. 0.]
[1 0 1 1],[0. 0. 0. 0. 0.]
[1 0 4 4],[0. 0. 0. 0. 0.]
[0 0 5 6],[0. 0. 0. 0. 0.]
[0 1 1 6],[0. 0. 0. 0. 0.]
[0 1 4 6],[0. 0. 0. 0. 0.]
[3 1 4 6],[0. 0. 0. 0. 0.]
[3 1 1 6],[0. 0. 0. 0. 0.]
[7 1 1 6],[0. 0. 0. 0. 0.]
[1 1 1 6],[0. 0. 0. 0. 0.]
[0 1 6 0],"[3.90103283e-07 0.00000000e+00 0.00000000e+00 0.00000000e+00
 0.00000000e+00]"
[3 4 6 0],[0. 0. 0. 0. 0.]
[6 8 0 8],[0.         0.16400152 0.         0.         0.1165737 ]
[5 3 0 7],[0. 0. 0. 0. 0.]
[8 1 0 0],[0.         0.08175192 0.         0.         0.05568443]
[8 4 0 0],[0.         0.05862909 0.         0.         0.03431729]
[7 0 3 7],[0. 0. 0. 0. 0.]
[5 0 3 7],[0. 0. 0. 0. 0.]
[1 0 3 7],[0. 0. 0. 0. 0.]
[3 0 3 7],[0. 0. 0. 0. 0.]
[8 0 3 7],[0. 0. 0. 0. 0.]
[5 0 4 0],[0.         0.         0.         0.         0.00595132]
[6 8 3 8],[0.         0.0410527  0.         0.         0.00235982]
[2 0 3 2],[0. 0. 0. 0. 0.]
[5 1 3 1],[0. 0. 0. 0. 0.]
[8 4 3 4],[0. 0. 0. 0. 0.]
[8 0 3 4],"[8.58850544e-10 0.00000000e+00 0.00000000e+00 0.00000000e+00
 1.39906754e-10]"
[4 5 0 0],[0. 0. 0. 0. 0.]
[6 3 7 5],[0. 0. 0. 0. 0.]
[6 1 7 5],[0. 0. 0. 0. 0.]
[6 7 7 5],[0. 0. 0. 0. 0.]
[6 3 3 5],"[0.00000000e+00 0.00000000e+00 0.00000000e+00 0.00000000e+00
 1.56770936e-08]"
[6 5 4 6],[0.         0.         0.         0.         0.01259342]
[0 3 0 6],[0. 0. 0. 0. 0.]
[0 1 0 6],[0. 0. 0. 0. 0.]
[4 1 3 6],[0. 0. 0. 0. 0.]
[7 1 3 6],[0. 0. 0. 0. 0.]
[5 1 3 6],[0. 0. 0. 0. 0.]
[4 4 3 6],[0. 0. 0. 0. 0.]
[1 4 3 6],[0. 0. 0. 0. 0.]
[7 4 3 6],[0. 0. 0. 0. 0.]
[0 8 3 6],[0. 0. 0. 0. 0.]
[0 6 3 6],[0. 0. 0. 0. 0.]
[0 6 4 6],[0. 0. 0. 0. 0.]
[0 6 1 6],[0. 0. 0. 0. 0.]
[3 6 4 6],[0. 0. 0. 0. 0.]
[3 6 1 6],[0. 0. 0. 0. 0.]
[1 6 1 6],[0. 0. 0. 0. 0.]
[2 6 2 6],[0. 0. 0. 0. 0.]
[4 6 1 6],[0. 0. 0. 0. 0.]
[7 6 1 6],[0. 0. 0. 0. 0.]
[0 6 5 6],[0. 0. 0. 0. 0.]
[0 6 7 6],[0. 0. 0. 0. 0.]
[3 6 7 6],[0. 0. 0. 0. 0.]
[3 6 0 6],[0. 0. 0. 0. 0.]
[1 6 0 6],[0. 0. 0. 0. 0.]
[4 6 0 6],[0. 0. 0. 0. 0.]
[0 6 0 6],[0. 0. 0. 0. 0.]
[0 3 4 1],[0. 0. 0. 0. 0.]
[3 3 4 1],[0. 0. 0. 0. 0.]
[1 3 4 1],[0. 0. 0. 0. 0.]
[7 3 1 1],[0. 0. 0. 0. 0.]
[1 3 1 1],[0. 0. 0. 0. 0.]
[4 3 4 1],[0. 0. 0. 0. 0.]
[0 3 4 4],[0. 0. 0. 0. 0.]
[3 3 4 4],[0. 0. 0. 0. 0.]
[3 3 1 1],[0. 0. 0. 0. 0.]
[4 3 1 1],[0. 0. 0. 0. 0.]
[6 0 4 8],[0.         0.00011485 0.         0.         0.        ]
[8 3 1 0],[0.         0.01650629 0.         0.         0.        ]
[5 3 4 0],[0. 0. 0. 0. 0.]
[0 5 1 0],[0. 0. 0. 0. 0.]
[6 1 8 6],[0.         0.         0.         0.         0.01768636]
[6 7 8 6],[0.         0.10478357 0.         0.         0.00203522]
[6 4 8 6],[0.         0.         0.         0.         0.01081298]
[3 0 0 5],[0. 0. 0. 0. 0.]
[1 0 0 5],[0. 0. 0. 0. 0.]
[4 0 0 5],[0. 0. 0. 0. 0.]
[4 7 0 3],[0. 0. 0. 0. 0.]
[7 7 0 3],[0. 0. 0. 0. 0.]
[2 3 2 0],[0. 0. 0. 0. 0.]
[6 3 4 8],[0. 0. 0. 0. 0.]
[6 7 4 8],[0. 0. 0. 0. 0.]
[6 1 4 8],[0. 0. 0. 0. 0.]
[6 3 1 8],[0.         0.00096034 0.         0.         0.        ]
[0 7 0 6],[0. 0. 0. 0. 0.]
[0 8 0 6],[0. 0. 0. 0. 0.]
[3 3 0 7],[0. 0. 0. 0. 0.]
[3 0 6 7],[0. 0. 0. 0. 0.]
[3 3 6 7],[0. 0. 0. 0. 0.]
[1 3 6 7],[0. 0. 0. 0. 0.]
[7 3 6 7],[0. 0. 0. 0. 0.]
[4 3 6 7],[0. 0. 0. 0. 0.]
[5 3 6 7],[0. 0. 0. 0. 0.]
[5 3 6 0],[0. 0. 0. 0. 0.]
[1 3 6 0],[0.00228027 0.         0.         0.         0.00031012]
[4 3 6 0],[0. 0. 0. 0. 0.]
[1 3 3 7],"[0.00000000e+00 0.00000000e+00 0.00000000e+00 0.00000000e+00
 5.33670359e-08]"
[7 3 3 7],"[0.00000000e+00 2.76558408e-07 0.00000000e+00 0.00000000e+00
 0.00000000e+00]"
[4 3 3 7],[0.0000000e+00 0.0000000e+00 0.0000000e+00 0.0000000e+00 2.2401231e-09]
[8 3 3 7],"[0.00000000e+00 6.85358326e-05 0.00000000e+00 0.00000000e+00
 1.94746172e-07]"
[4 3 7 0],[0. 0. 0. 0. 0.]
[1 3 7 0],[0. 0. 0. 0. 0.]
[7 3 7 0],[0. 0. 0. 0. 0.]
[5 3 7 0],[0. 0. 0. 0. 0.]
[8 3 7 0],[0.         0.00247882 0.         0.         0.        ]
[0 3 6 7],[0. 0. 0. 0. 0.]
[0 1 6 7],[0. 0. 0. 0. 0.]
[0 4 6 7],[0. 0. 0. 0. 0.]
[3 1 6 7],[0. 0. 0. 0. 0.]
[1 1 6 7],[0. 0. 0. 0. 0.]
[7 1 6 7],[0. 0. 0. 0. 0.]
[4 4 6 0],[0. 0. 0. 0. 0.]
[4 1 6 0],"[4.29113611e-05 0.00000000e+00 0.00000000e+00 0.00000000e+00
 0.00000000e+00]"
[7 1 6 0],[0. 0. 0. 0. 0.]
[8 1 6 0],[0.00112355 0.         0.         0.         0.        ]
[0 3 7 4],[0. 0. 0. 0. 0.]
[0 1 7 4],[0. 0. 0. 0. 0.]
[0 4 7 4],[0. 0. 0. 0. 0.]
[8 5 0 0],[0. 0. 0. 0. 0.]
[8 5 3 0],[0. 0. 0. 0. 0.]
[8 5 3 3],[0. 0. 0. 0. 0.]
[0 7 8 3],[0. 0. 0. 0. 0.]
[0 4 8 3],[0. 0. 0. 0. 0.]
[0 8 6 3],[0. 0. 0. 0. 0.]
[3 8 6 3],[0. 0. 0. 0. 0.]
[7 8 6 3],[0. 0. 0. 0. 0.]
[7 6 6 3],[0. 0. 0. 0. 0.]
[1 6 6 3],[0. 0. 0. 0. 0.]
[3 6 6 3],[0. 0. 0. 0. 0.]
[5 6 6 3],[0. 0. 0. 0. 0.]
[4 6 6 3],[0. 0. 0. 0. 0.]
[8 6 6 3],[0.         0.05332995 0.         0.         0.        ]
[4 0 3 7],[0. 0. 0. 0. 0.]
[6 8 6 8],[0.         0.08647484 0.         0.         0.00754895]
[3 0 8 3],[0. 0. 0. 0. 0.]
[3 3 8 3],[0. 0. 0. 0. 0.]
[1 3 8 3],[0.         0.00084143 0.         0.         0.        ]
[7 3 8 3],[0. 0. 0. 0. 0.]
[8 0 0 1],[0.         0.03911396 0.         0.         0.02140264]
[8 0 0 4],"[4.06823942e-11 3.44266709e-02 0.00000000e+00 0.00000000e+00
 2.14321728e-02]"
[6 2 2 1],[0. 0. 0. 0. 0.]
[5 0 6 3],[0. 0. 0. 0. 0.]
[8 3 0 1],[0. 0. 0. 0. 0.]
[8 3 0 4],[0.        0.0028807 0.        0.        0.       ]
[4 0 1 6],[0. 0. 0. 0. 0.]
[4 0 4 6],[0. 0. 0. 0. 0.]
[7 0 4 6],[0. 0. 0. 0. 0.]
[3 0 4 6],[0. 0. 0. 0. 0.]
[3 3 4 6],[0. 0. 0. 0. 0.]
[8 3 4 6],[0.         0.00021771 0.         0.         0.        ]
[0 8 3 0],[0. 0. 0. 0. 0.]
[5 0 4 3],"[0.00000000e+00 0.00000000e+00 0.00000000e+00 0.00000000e+00
 2.28656106e-11]"
[6 0 5 4],"[0.00000000e+00 0.00000000e+00 0.00000000e+00 0.00000000e+00
 3.16010369e-07]"
[4 0 0 6],[0. 0. 0. 0. 0.]
[5 0 3 6],[0. 0. 0. 0. 0.]
[3 0 7 6],[0. 0. 0. 0. 0.]
[7 0 7 6],[0. 0. 0. 0. 0.]
[0 0 8 6],[0. 0. 0. 0. 0.]
[3 0 8 6],[0. 0. 0. 0. 0.]
[3 3 8 6],[0. 0. 0. 0. 0.]
[4 3 8 6],[0. 0. 0. 0. 0.]
[1 3 8 6],[0. 0. 0. 0. 0.]
[1 3 6 6],[0. 0. 0. 0. 0.]
[4 3 6 6],[0. 0. 0. 0. 0.]
[0 3 6 6],[0. 0. 0. 0. 0.]
[0 1 6 6],[0. 0. 0. 0. 0.]
[0 7 6 6],[0. 0. 0. 0. 0.]
[0 5 6 6],[0. 0. 0. 0. 0.]
[0 0 6 6],[0. 0. 0. 0. 0.]
[3 3 6 6],[0. 0. 0. 0. 0.]
[7 3 6 6],[0. 0. 0. 0. 0.]
[5 3 6 6],[0. 0. 0. 0. 0.]
[8 3 6 6],[0.    0.009 0.    0.    0.   ]
[6 2 7 2],[0. 0. 0. 0. 0.]
[6 1 7 4],[0. 0. 0. 0. 0.]
[6 4 7 4],[0. 0. 0. 0. 0.]
[6 7 7 4],[0. 0. 0. 0. 0.]
[3 0 5 3],[0. 0. 0. 0. 0.]
[4 0 5 3],[0. 0. 0. 0. 0.]
[4 3 5 3],[0. 0. 0. 0. 0.]
[7 3 5 3],"[0.00000000e+00 0.00000000e+00 0.00000000e+00 0.00000000e+00
 6.22364366e-05]"
[1 3 5 3],"[0.00000000e+00 2.55171942e-04 0.00000000e+00 0.00000000e+00
 6.10096921e-05]"
[3 3 5 3],[0. 0. 0. 0. 0.]
[5 0 7 0],[0.         0.         0.         0.         0.00163299]
[5 0 0 7],[0. 0. 0. 0. 0.]
[0 1 0 8],[0. 0. 0. 0. 0.]
[0 4 0 8],[0. 0. 0. 0. 0.]
[0 7 0 8],[0. 0. 0. 0. 0.]
[0 5 0 8],[0. 0. 0. 0. 0.]
[0 5 0 6],[0. 0. 0. 0. 0.]
[0 4 0 6],[0. 0. 0. 0. 0.]
[3 6 3 6],[0. 0. 0. 0. 0.]
[7 6 3 6],[0. 0. 0. 0. 0.]
[5 6 3 6],[0. 0. 0. 0. 0.]
[1 6 3 6],[0. 0. 0. 0. 0.]
[8 6 3 6],[0.         0.03453545 0.         0.         0.        ]
[7 0 0 5],[0.         0.         0.         0.         0.00031187]
[5 3 3 7],[0. 0. 0. 0. 0.]
[0 3 3 7],[0. 0. 0. 0. 0.]
[0 7 3 7],[0. 0. 0. 0. 0.]
[0 5 3 7],[0. 0. 0. 0. 0.]
[0 1 3 7],[0. 0. 0. 0. 0.]
[3 1 3 7],[0. 0. 0. 0. 0.]
[1 1 3 7],[0. 0. 0. 0. 0.]
[4 1 3 7],[0. 0. 0. 0. 0.]
[7 1 3 7],[0. 0. 0. 0. 0.]
[1 4 3 7],[0. 0. 0. 0. 0.]
[3 4 3 7],[0. 0. 0. 0. 0.]
[8 4 3 7],[0. 0. 0. 0. 0.]
[2 2 3 0],"[0.00000000e+00 0.00000000e+00 0.00000000e+00 0.00000000e+00
 8.72989825e-05]"
[5 5 0 0],[0. 0. 0. 0. 0.]
[6 8 7 6],[0. 0. 0. 0. 0.]
[8 0 1 0],[0.00150211 0.         0.         0.         0.02359503]
[6 0 8 1],[0. 0. 0. 0. 0.]
[6 0 8 4],[0.         0.00343935 0.         0.         0.        ]
[8 0 4 0],[0.         0.05311971 0.         0.         0.03003976]
[3 8 0 0],[0.0000000e+00 0.0000000e+00 0.0000000e+00 0.0000000e+00 9.9065607e-09]
[7 8 0 0],[0. 0. 0. 0. 0.]
[1 8 0 0],"[0.00000000e+00 1.10072897e-07 0.00000000e+00 0.00000000e+00
 9.90656070e-09]"
[5 6 0 0],[0.0000000e+00 0.0000000e+00 0.0000000e+00 0.0000000e+00 8.4462575e-07]
[6 3 5 6],[0. 0. 0. 0. 0.]
[6 1 5 6],[0. 0. 0. 0. 0.]
[6 4 5 6],[0. 0. 0. 0. 0.]
[6 7 5 6],[0. 0. 0. 0. 0.]
[3 0 5 0],"[0.00000000e+00 0.00000000e+00 0.00000000e+00 0.00000000e+00
 1.86020345e-07]"
[4 0 5 0],[0. 0. 0. 0. 0.]
[1 0 5 0],"[1.86020345e-06 0.00000000e+00 0.00000000e+00 0.00000000e+00
 0.00000000e+00]"
[6 8 5 0],[0.         0.22355847 0.         0.         0.12471191]
[8 7 3 3],[0.         0.07624221 0.         0.         0.00965849]
[8 6 0 0],[0.00346843 0.         0.         0.         0.        ]
[6 2 2 4],[0. 0. 0. 0. 0.]
[3 3 3 7],[0.0000000e+00 0.0000000e+00 0.0000000e+00 0.0000000e+00 1.9173013e-09]
[5 5 3 3],[0. 0. 0. 0. 0.]
[6 0 4 7],[0.         0.         0.         0.         0.00493876]
[6 0 7 7],"[0.00000000e+00 0.00000000e+00 0.00000000e+00 0.00000000e+00
 5.05958441e-07]"
[6 3 4 7],[0. 0. 0. 0. 0.]
[4 3 4 6],[0. 0. 0. 0. 0.]
[7 0 6 0],[0. 0. 0. 0. 0.]
[7 3 6 0],[0. 0. 0. 0. 0.]
[3 3 6 0],[0.         0.         0.         0.         0.00021204]
[6 3 7 7],[0. 0. 0. 0. 0.]
[3 3 5 0],[0. 0. 0. 0. 0.]
[4 3 5 0],[0. 0. 0. 0. 0.]
[1 3 5 0],[0. 0. 0. 0. 0.]
[7 3 5 0],[0. 0. 0. 0. 0.]
[3 6 4 1],[0. 0. 0. 0. 0.]
[3 6 1 1],[0. 0. 0. 0. 0.]
[1 6 1 1],[0. 0. 0. 0. 0.]
[1 6 4 1],[0. 0. 0. 0. 0.]
[7 6 4 1],[0. 0. 0. 0. 0.]
[0 6 7 4],[0. 0. 0. 0. 0.]
[0 6 1 4],[0. 0. 0. 0. 0.]
[0 6 8 1],[0. 0. 0. 0. 0.]
[3 6 8 1],[0. 0. 0. 0. 0.]
[4 6 8 1],[0. 0. 0. 0. 0.]
[0 6 8 4],[0. 0. 0. 0. 0.]
[3 6 6 1],[0. 0. 0. 0. 0.]
[1 6 6 1],[0. 0. 0. 0. 0.]
[7 6 6 1],[0. 0. 0. 0. 0.]
[4 6 6 1],[0. 0. 0. 0. 0.]
[0 0 7 8],[0. 0. 0. 0. 0.]
[0 0 4 8],[0. 0. 0. 0. 0.]
[0 0 1 8],[0. 0. 0. 0. 0.]
[1 3 0 6],[0. 0. 0. 0. 0.]
[7 0 0 6],[0. 0. 0. 0. 0.]
[6 8 8 6],[0.         0.13225772 0.         0.         0.02195094]
[6 2 1 2],[0. 0. 0. 0. 0.]
[4 0 7 3],[0. 0. 0. 0. 0.]
[5 3 7 3],[0. 0. 0. 0. 0.]
[5 3 5 3],"[0.00000000e+00 0.00000000e+00 0.00000000e+00 0.00000000e+00
 2.06689273e-06]"
[8 3 5 3],[0. 0. 0. 0. 0.]
[6 5 1 4],"[0.00000000e+00 0.00000000e+00 0.00000000e+00 0.00000000e+00
 1.23770619e-06]"
[6 0 5 7],[0. 0. 0. 0. 0.]
[6 0 8 7],[0.         0.00421076 0.         0.         0.        ]
[0 5 6 0],"[0.00000000e+00 0.00000000e+00 0.00000000e+00 0.00000000e+00
 3.15983659e-09]"
[3 5 6 0],[0. 0. 0. 0. 0.]
[1 5 6 0],[0. 0. 0. 0. 0.]
[1 5 6 3],[0. 0. 0. 0. 0.]
[3 5 6 3],[0. 0. 0. 0. 0.]
[7 5 6 3],[0. 0. 0. 0. 0.]
[8 5 6 3],[0.         0.01341865 0.         0.         0.        ]
[6 5 4 4],[0. 0. 0. 0. 0.]
[6 5 4 1],[0. 0. 0. 0. 0.]
[6 3 8 1],[0. 0. 0. 0. 0.]
[6 7 8 1],[0. 0. 0. 0. 0.]
[6 7 8 4],[0. 0. 0. 0. 0.]
[6 1 8 4],[0. 0. 0. 0. 0.]
[4 0 8 3],[0. 0. 0. 0. 0.]
[1 0 5 3],"[4.36344020e-05 0.00000000e+00 0.00000000e+00 0.00000000e+00
 2.06689273e-06]"
[0 3 6 4],[0. 0. 0. 0. 0.]
[4 4 6 1],[0. 0. 0. 0. 0.]
[1 4 6 4],[0. 0. 0. 0. 0.]
[4 4 6 4],[0. 0. 0. 0. 0.]
[5 4 6 1],[0. 0. 0. 0. 0.]
[1 4 6 1],[0. 0. 0. 0. 0.]
[3 1 6 4],[0. 0. 0. 0. 0.]
[8 1 6 4],[0. 0. 0. 0. 0.]
[8 1 6 1],[0. 0. 0. 0. 0.]
[8 4 6 1],[0.         0.00815556 0.         0.         0.        ]
[2 6 2 1],[0. 0. 0. 0. 0.]
[7 6 1 1],[0. 0. 0. 0. 0.]
[4 6 1 1],[0. 0. 0. 0. 0.]
[4 6 4 1],[0. 0. 0. 0. 0.]
[1 6 4 4],[0.         0.01588458 0.         0.         0.        ]
[8 0 3 6],[0.         0.00788083 0.         0.         0.00026719]
[8 7 0 0],[0. 0. 0. 0. 0.]
[6 5 1 1],[0. 0. 0. 0. 0.]
[6 8 4 1],[0.         0.02953118 0.         0.         0.00288272]
[1 5 3 0],[0. 0. 0. 0. 0.]
[3 5 3 0],[0. 0. 0. 0. 0.]
[3 5 3 3],[0. 0. 0. 0. 0.]
[3 1 6 0],[0. 0. 0. 0. 0.]
[0 4 3 7],[0. 0. 0. 0. 0.]
[3 7 3 7],[0. 0. 0. 0. 0.]
[1 7 3 7],[0. 0. 0. 0. 0.]
[4 7 3 7],[0. 0. 0. 0. 0.]
[5 7 3 7],[0. 0. 0. 0. 0.]
[7 7 3 7],[0. 0. 0. 0. 0.]
[8 7 3 7],[0.         0.00040076 0.         0.         0.        ]
[6 8 6 7],[0.         0.17099784 0.         0.         0.02195042]
[6 7 4 7],[0. 0. 0. 0. 0.]
[5 6 3 0],"[0.00000000e+00 0.00000000e+00 0.00000000e+00 0.00000000e+00
 2.40613685e-06]"
[6 0 4 5],[0. 0. 0. 0. 0.]
[8 3 6 0],[0.         0.01657551 0.         0.         0.        ]
[7 0 5 0],[0. 0. 0. 0. 0.]
[0 4 5 3],[0. 0. 0. 0. 0.]
[0 7 5 3],[0. 0. 0. 0. 0.]
[4 8 0 0],"[0.00000000e+00 2.79806715e-08 0.00000000e+00 0.00000000e+00
 0.00000000e+00]"
[5 0 0 5],[0. 0. 0. 0. 0.]
[3 0 0 8],[0. 0. 0. 0. 0.]
[1 0 0 8],[0. 0. 0. 0. 0.]
[7 0 0 8],[0. 0. 0. 0. 0.]
[1 0 3 8],[0. 0. 0. 0. 0.]
[4 0 3 8],[0. 0. 0. 0. 0.]
[6 5 8 6],[0.         0.         0.         0.         0.00014819]
[8 7 0 3],[0.00526746 0.         0.         0.         0.        ]
[3 0 8 0],[0. 0. 0. 0. 0.]
[4 0 8 0],[0. 0. 0. 0. 0.]
[7 0 8 0],[0. 0. 0. 0. 0.]
[5 0 8 0],[0. 0. 0. 0. 0.]
[3 0 6 4],[0. 0. 0. 0. 0.]
[3 0 6 1],[0. 0. 0. 0. 0.]
[1 0 6 1],[0. 0. 0. 0. 0.]
[7 0 6 1],[0. 0. 0. 0. 0.]
[5 0 6 1],[0. 0. 0. 0. 0.]
[1 3 6 1],[0. 0. 0. 0. 0.]
[1 3 6 4],[0. 0. 0. 0. 0.]
[3 3 6 4],[0. 0. 0. 0. 0.]
[4 3 6 1],[0. 0. 0. 0. 0.]
[7 3 6 1],[0. 0. 0. 0. 0.]
[7 3 6 4],[0. 0. 0. 0. 0.]
[4 3 6 4],[0. 0. 0. 0. 0.]
[8 3 6 1],[0.         0.01092739 0.         0.         0.        ]
[3 3 8 0],[0. 0. 0. 0. 0.]
[1 3 8 0],[0. 0. 0. 0. 0.]
[4 3 8 0],[0. 0. 0. 0. 0.]
[7 3 0 6],[0. 0. 0. 0. 0.]
[0 6 3 4],[0. 0. 0. 0. 0.]
[0 6 4 4],[0. 0. 0. 0. 0.]
[5 6 0 3],[0.         0.         0.         0.         0.00397719]
[1 0 8 0],[0. 0. 0. 0. 0.]
[5 0 6 0],[0. 0. 0. 0. 0.]
[3 7 6 0],[0. 0. 0. 0. 0.]
[1 7 6 0],[0. 0. 0. 0. 0.]
[0 6 8 6],[0. 0. 0. 0. 0.]
[8 0 7 0],[0.         0.03310591 0.         0.         0.01534288]
[3 1 4 0],[0. 0. 0. 0. 0.]
[1 1 4 0],[0. 0. 0. 0. 0.]
[4 1 1 0],[0. 0. 0. 0. 0.]
[1 1 1 0],[0. 0. 0. 0. 0.]
[7 1 1 0],[0. 0. 0. 0. 0.]
[0 0 5 8],[0. 0. 0. 0. 0.]
[6 3 5 4],[0. 0. 0. 0. 0.]
[6 1 5 4],[0. 0. 0. 0. 0.]
[3 6 5 3],[0. 0. 0. 0. 0.]
[3 1 0 6],[0. 0. 0. 0. 0.]
[7 1 0 6],[0. 0. 0. 0. 0.]
[7 4 0 6],[0. 0. 0. 0. 0.]
[5 4 0 6],[0. 0. 0. 0. 0.]
[5 4 3 6],[0. 0. 0. 0. 0.]
[8 1 3 6],[0. 0. 0. 0. 0.]
[8 4 3 6],[0.         0.00748812 0.         0.         0.        ]
[8 0 0 7],[0.         0.00805276 0.         0.         0.        ]
[1 0 6 4],[0. 0. 0. 0. 0.]
[6 3 7 4],[0. 0. 0. 0. 0.]
[0 3 8 0],"[0.00000000e+00 2.55946764e-10 0.00000000e+00 0.00000000e+00
 0.00000000e+00]"
