[0 0 0 0],[142.93546206 151.92737934 147.01764741 144.61754703]
[0 3 0 0],[112.61533912 141.50501205 130.5655268  115.11736671]
[0 1 0 0],[124.82644217 141.92672805 134.48263541 123.14805249]
[3 1 0 0],[ 98.84406303 116.85054915   8.1736018   21.51520851]
[1 1 0 0],[ 85.4195872  107.75966195   0.           3.46005325]
[5 1 0 0],[45.52713276 -0.14        0.          0.        ]
[5 3 0 0],[98.22957602  0.          0.          2.92150436]
[1 3 0 0],[105.13194673  88.65848542   3.20567459   6.07380871]
[4 3 0 0],[107.36816526  66.75978667   1.9          1.01919   ]
[3 3 0 0],[104.08954748  87.61916621   5.71552855   1.        ]
[6 3 0 0],[ 0.         85.04067962  1.96667724  0.        ]
[6 1 0 0],[ 0.         92.45132179  7.51391707 12.814065  ]
[6 5 0 0],[ 0.         69.16236737  0.          1.        ]
[6 5 0 3],[0.       0.       0.       1.352902]
[6 5 0 1],[0.         0.         0.         5.94865094]
[6 0 0 1],[ 0.         32.52796486 24.15060686 97.94673699]
[6 0 0 4],[  0.           8.03738065  13.18538453 101.34620773]
[6 0 0 6],[ 0.         51.39939802 75.49811629  0.        ]
[6 0 3 6],[ 0.         11.45806373 65.85877938  0.        ]
[6 0 4 6],[ 0.         17.92993501 69.07254775  0.        ]
[6 0 1 6],[ 0.         25.54144446 68.14936008  0.        ]
[6 3 1 6],[ 0.          6.94332609 23.23804439  0.        ]
[6 3 4 6],[ 0.          4.48359311 14.28631549  0.        ]
[6 3 6 6],[ 0.        27.8058457  0.         0.       ]
[6 4 6 6],[ 0.         29.08382646  0.          0.        ]
[6 1 6 6],[ 0.         27.27107928  0.          0.        ]
[6 6 6 6],[0. 0. 0. 0.]
[0 4 0 0],[123.34902591 145.02731747 134.86569416 117.75829556]
[1 4 0 0],[73.9880697  20.3312872   3.65652398  1.        ]
[1 6 0 0],[108.39366663   0.          99.32662819 108.71996236]
[1 6 3 0],[89.82722759  0.         77.28806956 13.50019531]
[1 6 1 0],[78.85518933  0.         73.377505    7.85143581]
[1 6 4 0],[78.08810208  0.         45.52313323 10.71815956]
[6 6 0 0],[ 0.          0.         76.14294899 73.03185528]
[6 6 3 0],[ 0.          0.         66.68243979 56.41416849]
[6 6 4 0],[ 0.          0.         67.49171861 54.23441914]
[6 6 1 0],[ 0.          0.         66.0947177  60.04351478]
[6 6 6 0],[ 0.          0.          0.         37.27649855]
[6 6 6 3],[ 0.         0.         0.        26.7221057]
[6 6 6 1],[ 0.          0.          0.         28.22637288]
[6 6 6 4],[ 0.          0.          0.         30.18223931]
[0 5 0 0],[ 34.52388471 141.9828891   86.82968911  67.05749488]
[4 1 0 0],[ 59.62226441 100.01792847   2.93753656   0.        ]
[5 4 0 0],[-0.44049794  4.8457469   0.          0.        ]
[0 6 0 0],[119.43229838   0.         111.82323555 110.63365863]
[3 6 0 0],[108.56421161   0.          96.28672213  92.9593855 ]
[4 6 0 0],[112.65808375   0.          99.73079713  97.75631506]
[4 6 3 0],[90.78406222  0.         67.92976882  7.47240239]
[3 6 3 0],[87.47316652  0.         30.77748692  3.18338922]
[6 6 5 0],[ 0.          0.         66.11630215 14.66002457]
[6 6 1 3],[ 0.          0.         43.58687939 49.70512006]
[6 6 1 4],[ 0.          0.         24.18275014 53.61078127]
[6 6 1 1],[ 0.          0.         45.0591877  52.24425224]
[6 6 4 1],[ 0.          0.         51.29142109 30.9206103 ]
[6 6 4 4],[ 0.          0.         22.10136294 50.49866963]
[6 6 4 3],[ 0.          0.         44.76721747 24.77787433]
[2 2 0 0],[70.77388648  1.          0.          0.        ]
[4 4 0 0],[79.78275708 26.10015683  1.18895742  0.        ]
[1 0 0 0],[135.91394563  74.02109528  28.71317874  31.52560948]
[0 3 0 3],[  1.01       108.62756313   1.9         20.00089172]
[0 3 0 1],[ 1.         85.71738376  0.         30.56187498]
[0 3 0 4],[ 1.9        63.51813497  0.          1.44837738]
[3 3 0 4],[-0.5 -0.5  0.   0. ]
[4 3 0 4],[0.     0.     0.     1.0909]
[1 3 0 4],[0.4 0.  0.  0. ]
[2 3 0 2],[1. 0. 0. 0.]
[1 3 0 1],[-0.55 -0.31  0.    0.  ]
[4 3 0 1],[-0.1319  0.      0.      0.    ]
[0 1 0 1],[  5.46137926  89.24588202   3.01589449 106.50087018]
[0 1 0 4],[  1.01        78.25161747   1.48790323 105.55466293]
[0 1 0 3],[ 14.68296537 114.2310279   27.84739915  97.44984794]
[0 4 0 3],[  1.1         88.55637735   0.         107.17421982]
[0 4 0 1],[  2.9156902   93.13225235   3.22071731 109.77883851]
[0 4 0 4],[  0.          61.31833775   2.919      112.90316535]
[0 4 0 6],[ 3.44567275 83.14332364  1.          0.        ]
[3 4 0 6],[-0.95        3.21603819  0.          0.        ]
[4 4 0 6],[0.56330406 0.         0.         0.        ]
[0 0 0 6],[111.14708487  65.0310654   24.30678047   0.        ]
[3 0 0 6],[101.80682635  10.11588901   6.72144767   0.        ]
[1 0 0 6],[101.23347891  39.63022385  25.47611489   0.        ]
[1 3 0 6],[37.27051496 10.26284218  1.02078495  0.        ]
[4 3 0 6],[36.28292771  0.05605066  1.          0.        ]
[1 5 0 0],[ 8.15850492 84.2238892   0.          1.        ]
[1 5 0 3],[-0.5         0.06687785  0.          0.        ]
[4 5 0 3],[0. 0. 0. 0.]
[1 0 0 3],[40.60249683  0.          0.          7.99196458]
[1 0 0 1],[15.09712192  1.01        0.         53.14783402]
[6 0 0 3],[ 0.          8.80496916 10.08503091 99.54573129]
[6 0 5 6],[ 0.          1.32419842 63.91435765  0.        ]
[6 1 1 6],[ 0.         14.05709427 23.76097606  0.        ]
[6 1 3 6],[ 0.          1.25061356 23.58799494  0.        ]
[6 4 3 6],[ 0.          0.56127224 10.47891377  0.        ]
[6 4 1 6],[ 0.         23.99277535  4.69872659  0.        ]
[6 4 4 6],[ 0.          1.32010154 10.49438886  0.        ]
[6 1 4 6],[ 0.          1.798534   20.86033252  0.        ]
[6 6 3 3],[ 0.          0.         22.13203128 49.12213299]
[6 6 3 1],[ 0.          0.         44.62808282 49.09567915]
[6 6 3 6],[ 0.          0.         27.73513931  0.        ]
[6 6 4 6],[ 0.          0.         29.92713606  0.        ]
[2 6 2 0],[73.88860941  0.          0.          0.        ]
[3 6 1 0],[78.20004786  0.         42.16083776  0.        ]
[5 6 1 0],[68.42537213  0.          8.50157885  0.        ]
[5 6 4 0],[41.40641195  0.          8.09051856  0.        ]
[3 6 4 0],[17.5856327   0.         76.73110942  1.25174265]
[4 6 4 0],[35.01072265  0.         73.94937522  0.        ]
[6 6 1 5],[ 0.          0.          5.09635832 44.7060222 ]
[3 4 0 0],[ 57.08836507 114.79367894   3.71299118   6.48357663]
[6 4 0 0],[ 0.         90.41903726  1.06068808  2.31932485]
[6 0 0 0],[  0.          74.59275245  24.54500955 109.06261251]
[6 3 3 6],[ 0.         11.96920604  1.3002446   0.        ]
[6 3 5 6],[0.         0.         7.44392745 0.        ]
[3 0 0 0],[135.30785028  18.92416751   2.18601267   7.26879607]
[4 0 0 0],[136.14366154  25.06623309  15.0226877    5.1894378 ]
[5 0 0 0],[132.8627336   0.          1.004       0.       ]
[6 1 0 3],[ 0.          8.81613756  3.489      -0.01883252]
[6 1 0 1],[ 0.         18.01322125  1.23719381  0.06317447]
[6 1 0 4],[ 0.         0.         0.        11.2779574]
[6 4 0 4],[ 0.         -0.5         0.          8.92529496]
[6 4 0 1],[ 0.         11.43870496  2.71        0.3428705 ]
[6 4 0 6],[ 0.         54.56722609  5.65332851  0.        ]
[6 1 0 6],[ 0.         48.60752474  9.63647159  0.        ]
[6 3 0 6],[ 0.         49.40244946  1.08553215  0.        ]
[6 6 0 6],[ 0.          0.         37.87372433  0.        ]
[6 6 1 6],[ 0.          0.         28.66417209  0.        ]
[0 1 3 0],[ 18.96965118 123.50712386 103.23952926  21.81734694]
[0 4 3 0],[  5.72384296 124.61902949  90.80967349   4.34771279]
[0 4 4 0],[ 3.82508923 35.39652035 99.04637165  1.1991    ]
[3 4 4 0],[-0.5         2.25089233  0.          0.        ]
[4 4 4 0],[4.14039841 1.88467616 0.         0.        ]
[1 4 0 3],[1.17896527 0.         0.         0.        ]
[1 1 0 3],[15.15353071  0.          0.          0.        ]
[6 0 0 5],[ 0.          1.6043291   0.         96.82428776]
[6 6 3 4],[ 0.          0.         19.26504469 48.5219693 ]
[0 0 0 3],[  9.19537132  30.36558463   3.79868864 135.46936586]
[0 0 0 1],[ 21.74191548  67.81276882  28.2212522  137.21867299]
[0 0 0 4],[  8.9696291   22.47926899   8.15879662 137.08364447]
[3 1 0 3],[-0.07777665 59.66492124  1.          0.75459886]
[4 1 0 3],[0.5102508 0.        0.        0.       ]
[3 3 0 3],[-0.728       5.09515537  1.02       -0.5       ]
[1 3 0 3],[5.83198504 0.31       0.         0.        ]
[5 1 0 3],[-0.5  0.   0.   0. ]
[3 0 0 4],[ 8.63275159  0.          0.         23.93575762]
[6 6 0 3],[ 0.          0.         13.59488971 62.5449151 ]
[6 6 0 1],[ 0.          0.         52.99759341 61.1781653 ]
[6 6 0 4],[ 0.          0.         19.04584901 63.96381192]
[6 6 0 5],[ 0.          0.          3.24157763 61.14062481]
[6 6 5 6],[ 0.          0.         27.69409892  0.        ]
[3 3 3 0],[-1.17216271 -0.92216533  3.54646326  0.        ]
[4 3 3 0],[-1.         -0.11584204 -0.95        1.11342   ]
[1 3 3 0],[1.82337294 0.         0.         1.        ]
[0 3 3 0],[  1.9        122.02059232  59.00466874   1.1       ]
[0 3 4 0],[ 1.          8.37131162 85.6143682   0.        ]
[3 3 4 0],[1.561 0.    0.    0.   ]
[1 3 4 0],[-0.5      0.67067  1.40049  0.     ]
[4 3 4 0],[ 1.53438869 -0.17607676  0.          0.        ]
[6 1 3 3],[ 0.    0.    0.45 -0.5 ]
[6 1 3 1],[0.         0.         0.         0.57126989]
[6 6 3 5],[ 0.          0.          0.78299553 39.27559417]
[6 6 5 1],[ 0.          0.         41.56275649 -0.2087    ]
[6 6 5 4],[ 0.          0.          3.28010781 16.18586645]
[0 0 3 0],[ 11.9177094   42.04208306 136.32830259   6.10467968]
[0 0 1 0],[ 15.69387024  77.6790591  136.94081388  21.6819162 ]
[3 0 1 0],[12.73607139  2.75346775  0.86034678  0.        ]
[1 0 1 0],[ 5.35434676  1.         23.13542126  1.25088722]
[4 0 1 0],[16.55250078  0.          2.77208365  0.        ]
[1 3 1 0],[-0.45       -0.45583916  1.1         0.        ]
[1 4 4 0],[-0.5    -1.      0.3894  2.71  ]
[1 1 4 0],[-0.2433     41.59152966  7.3612865   0.        ]
[4 1 4 0],[21.77462814  0.          0.71500591  0.        ]
[3 1 4 0],[16.28909482  0.          0.          0.        ]
[3 4 1 0],[3.73857524 0.94472201 0.         0.        ]
[0 4 1 0],[  1.          64.32131459 104.25463034   1.37119501]
[3 0 4 0],[-0.5         0.          5.90690066  0.        ]
[4 0 4 0],[23.20587088  0.          0.          0.        ]
[3 5 0 0],[63.60455439 18.21949564  1.          0.        ]
[6 1 3 4],[0.         0.         0.         0.35265055]
[6 1 1 3],[0.        0.2619691 0.        0.       ]
[6 1 1 1],[ 0.         -0.5        -0.5         7.33844035]
[6 1 1 4],[0.         0.10261969 0.         2.84977413]
[6 1 1 0],[ 0.          8.56831083 -0.26858191  2.01      ]
[6 1 4 0],[ 0.         -0.16353533  0.          1.9       ]
[6 1 4 3],[ 0.         -1.          0.          1.07917139]
[6 1 4 1],[0.        0.        0.        5.6798494]
[6 1 3 5],[0. 0. 0. 0.]
[5 6 0 0],[109.35802516   0.          52.75981214  25.3437154 ]
[0 0 0 5],[  0.           0.           2.09       133.31418115]
[4 0 0 6],[102.93912047  13.02932831  12.44038062   0.        ]
[5 0 0 6],[99.50107082  0.          3.52        0.        ]
[6 6 4 5],[ 0.          0.          0.         25.37072768]
[0 1 4 0],[  0.          50.10686646 109.43722663   1.1       ]
[0 1 1 0],[  7.83751217 110.22013755  84.23347262   5.6816635 ]
[3 1 1 0],[-0.06244158 16.472091    1.18803879  0.        ]
[4 6 1 0],[83.19500569  0.         54.80113594  3.06583313]
[3 1 3 0],[17.52244677  0.05947231  0.          0.        ]
[1 1 3 0],[ 3.44183939 35.01650238  1.82234507  0.        ]
[3 4 3 0],[0.1        5.76970738 0.         0.        ]
[1 4 3 0],[-0.264      19.30408976  0.          0.        ]
[4 1 3 0],[-0.401       0.41186936  9.28458727  0.        ]
[5 1 3 0],[0.71058168 0.         0.         0.        ]
[4 4 3 0],[4.51702108 0.         0.         0.        ]
[6 4 3 0],[0.         0.45508568 2.00234478 0.        ]
[6 1 3 0],[ 0.         20.93149193 -0.67        0.        ]
[6 6 6 5],[ 0.          0.          0.         27.34062245]
[0 6 0 3],[ 90.93975833   0.          79.22993372 102.64546948]
[3 6 0 3],[89.45359196  0.          3.90479364 37.54074247]
[4 6 0 3],[96.63456966  0.          5.14587474 73.00221088]
[1 6 0 3],[90.36689718  0.          5.63516344 97.71661885]
[4 6 0 1],[98.90101385  0.         12.75759781 92.80771607]
[1 6 0 1],[94.4112156   0.         40.84785534 93.82590681]
[1 6 0 5],[49.63584458  0.          1.         97.17329179]
[4 6 0 5],[56.04831663  0.          0.          0.        ]
[0 6 0 4],[ 96.57009883   0.          85.88692092 104.530888  ]
[0 6 0 1],[108.46218263   0.          89.47015785 107.4665754 ]
[3 6 0 1],[98.03200289  0.          1.         49.17190065]
[4 6 0 4],[98.83976551  0.          5.93464116 64.77100667]
[3 6 0 4],[92.71371907  0.          3.16654801 60.64920038]
[1 6 0 4],[91.2647884   0.         28.2160595  98.65284595]
[1 6 3 1],[53.53934901  0.          1.42980926 22.71600429]
[0 6 0 6],[72.16441995  0.         69.75254254  0.        ]
[3 6 0 6],[61.59922469  0.         49.44020662  0.        ]
[4 6 0 6],[64.78898781  0.         58.3513472   0.        ]
[1 6 0 6],[62.16488337  0.         60.57247076  0.        ]
[1 6 3 6],[47.55729156  0.         34.9306548   0.        ]
[5 6 3 0],[86.32265499  0.          3.19677524  0.        ]
[4 6 5 0],[12.98480097  0.         -0.25414657  0.        ]
[3 0 0 1],[32.2654853  0.         0.         5.2175215]
[1 0 0 4],[ 0.50201981  0.          0.         48.29020447]
[4 0 0 4],[25.73336288  0.          0.          0.        ]
[4 0 0 3],[ 0.          0.          0.         14.13417289]
[6 0 6 6],[ 0.         38.69247263  0.          0.        ]
[6 5 6 6],[ 0.         28.26376941  0.          0.        ]
[6 4 3 3],[0.         0.         0.         2.16347443]
[0 5 0 3],[  1.         104.37890619   0.           6.24688612]
[0 5 0 4],[ 1.          0.          0.         19.26679397]
[3 5 0 4],[-0.5  0.   0.   0. ]
[1 5 0 4],[0. 0. 0. 0.]
[1 5 0 1],[ 0.  -0.5  0.   0. ]
[4 0 0 1],[31.02687258  1.9         0.          5.50070862]
[5 3 0 4],[0. 0. 0. 0.]
[5 3 0 1],[-0.4591 -0.5     0.      0.    ]
[5 4 0 1],[0. 0. 0. 0.]
[1 4 0 1],[1. 0. 0. 0.]
[4 4 0 4],[0. 0. 0. 0.]
[4 4 0 1],[2.72109889 0.         0.         0.        ]
[4 1 0 1],[4.09162527 0.         0.         0.        ]
[1 1 0 1],[-0.5        25.20387635  0.          1.33475223]
[1 1 0 4],[4.65219427 0.         0.         0.        ]
[1 4 0 4],[-0.5         0.45450874  0.          0.        ]
[0 0 5 0],[  1.00477194   0.         135.85758273   1.9       ]
[3 0 0 3],[-0.29290117  0.          0.         15.7180829 ]
[4 6 3 6],[50.57159972  0.         12.82927173  0.        ]
[1 6 4 6],[ 5.00003819  0.         36.8783494   0.        ]
[1 6 1 6],[40.3585595   0.         25.56804254  0.        ]
[0 0 4 0],[  3.96527231  37.15135854 137.53111747   6.10321392]
[0 0 6 0],[ 24.04630585 109.29821051   0.          17.70835475]
[0 3 6 0],[ 8.70497172 98.06490786  0.          4.41072623]
[0 1 6 0],[ 26.10164685 100.26586158   0.          14.48157799]
[0 4 6 0],[ 21.25543548 100.5583714    0.           5.81171782]
[3 4 6 0],[-0.665      27.38797036  0.          0.        ]
[1 4 6 0],[0.0093761  4.32640631 0.         0.        ]
[1 1 6 0],[-0.09356716  8.81719624  0.          0.        ]
[5 1 6 0],[0.45159204 0.         0.         0.        ]
[0 4 6 3],[1.         1.18950067 0.         0.72289477]
[0 4 6 4],[ 1.          0.          0.         11.85372168]
[0 4 6 1],[ 0.         12.9097253   0.          0.49760425]
[3 4 6 4],[-0.5  0.   0.   0. ]
[4 4 6 4],[0.145 0.    0.    0.   ]
[4 4 6 1],[0.33223694 0.         0.         0.        ]
[1 4 6 4],[1.45 0.   0.   0.  ]
[4 1 6 1],[0.5458 0.     0.     0.    ]
[2 4 6 2],[2. 0. 0. 0.]
[0 3 6 1],[5.74201752 9.8053321  0.         0.1230087 ]
[0 3 6 4],[0.         1.11992767 0.         3.51126761]
[3 3 6 1],[ 1.29534584 -0.47748631  0.          0.        ]
[1 3 6 1],[-0.5         3.31436066  0.          0.        ]
[4 3 6 1],[-0.09345982 -0.36219631  0.          0.        ]
[2 2 6 1],[1. 0. 0. 0.]
[5 1 6 1],[0.76687134 0.         0.         0.        ]
[5 4 6 1],[-0.5  0.   0.   0. ]
[1 4 6 1],[-0.45       2.2513694  0.         1.       ]
[1 1 6 1],[7.66871337 0.88302634 0.         0.        ]
[6 1 6 1],[ 0.          6.78197758  0.         -0.44133541]
[6 3 6 1],[ 0.         -0.49180649  0.         10.48370796]
[0 5 3 0],[  1.90728424 120.37904904   7.44410514   0.        ]
[2 0 0 2],[23.27629329  0.          0.          3.89395221]
[0 6 3 0],[ 91.16440077   0.         101.58630294  58.30803436]
[0 6 4 0],[ 82.18613472   0.         103.92142147  80.03907906]
[0 6 1 0],[ 87.02105301   0.         102.38757222  86.4403003 ]
[0 6 6 0],[73.58038471  0.          0.         65.66191044]
[3 6 6 0],[62.64304669  0.          0.         21.60819154]
[1 6 6 0],[63.0218643   0.          0.         42.44459161]
[4 6 6 0],[64.51380955  0.          0.         28.88216192]
[5 6 6 0],[64.57043711  0.          0.          4.02852581]
[6 3 0 1],[ 0.          9.66156304  5.01144744 34.03541414]
[6 3 3 1],[ 0.         -0.62758571 -0.04001384 -0.84419407]
[6 3 3 4],[ 0.          0.          1.05805934 -0.5       ]
[6 3 3 5],[0. 0. 0. 0.]
[6 3 4 1],[ 0.          0.46        0.11108879 -0.95      ]
[6 3 0 3],[ 0.          0.          0.         18.92026227]
[6 4 0 3],[ 0.          5.30801391  1.21634744 -0.3       ]
[6 4 1 3],[ 0.    0.    0.4  -0.95]
[6 4 1 4],[0.   0.   0.   1.04]
[6 4 4 4],[0. 0. 0. 0.]
[6 4 4 1],[ 0.   0.  -0.5 -0.5]
[6 1 4 4],[0. 0. 0. 1.]
[6 4 1 5],[ 0.   0.   0.  -0.5]
[6 4 4 0],[0.         0.         4.32025297 0.        ]
[6 4 1 0],[0.         7.78990635 1.32086896 2.07355212]
[5 0 0 1],[13.3908548  0.         0.         0.       ]
[3 3 0 6],[29.12811128 -0.5         0.          0.        ]
[0 0 3 1],[ 0.          0.          2.28273458 32.94602119]
[0 0 3 4],[ 3.619       0.          1.36680811 20.12924071]
[3 0 3 4],[0.  0.  0.  0.9]
[1 0 3 4],[0. 0. 0. 0.]
[1 0 3 1],[1. 0. 0. 1.]
[4 0 3 1],[0.1 0.  0.  0. ]
[1 0 3 3],[ 1.7  0.  -0.5  0. ]
[4 0 3 3],[4.12631443 0.         0.         0.        ]
[6 0 3 3],[ 0.          0.          0.51111454 14.00873469]
[6 0 3 1],[ 0.          0.          3.94009855 28.68204038]
[3 0 3 0],[26.68594421  4.0951     -0.5         0.        ]
[1 0 3 0],[43.57958812  1.08413895  8.44795705  1.17      ]
[5 0 3 0],[15.89880845  0.          0.          0.        ]
[1 0 6 0],[39.316278    1.22103987  0.          0.        ]
[6 0 6 0],[ 0.          1.9         0.         47.76151854]
[6 0 6 3],[ 0.          1.903808    0.         40.73354696]
[6 0 6 4],[ 0.          2.00061832  0.         39.85387507]
[6 0 6 1],[ 0.          3.14544522  0.         46.434461  ]
[0 0 3 3],[ 0.          0.         -0.35       30.06618159]
[3 1 6 0],[ 1.07450305 44.72900908  0.          1.        ]
[1 5 6 0],[-0.981      -0.41091481  0.          1.        ]
[3 0 6 0],[29.4472373   0.          0.          1.20264443]
[4 4 6 0],[0.50681955 0.99213688 0.         0.        ]
[4 0 6 0],[41.95298938  0.          0.          2.03719267]
[0 6 0 5],[ 11.09674632   0.           6.26706807 101.38293354]
[5 6 0 6],[62.31273158  0.          3.78113936  0.        ]
[5 6 3 6],[36.87748254  0.          0.          0.        ]
[4 6 1 6],[33.91435544  0.         -0.5         0.        ]
[4 6 4 6],[24.57193129  0.          2.4941934   0.        ]
[0 6 4 6],[ 9.13895961  0.         60.49983611  0.        ]
[3 6 4 6],[-0.5         0.         22.13573453  0.        ]
[3 6 1 6],[32.60252776  0.          7.26402459  0.        ]
[0 6 1 6],[30.03302894  0.         60.61258362  0.        ]
[2 6 0 2],[109.10249686   0.           0.          34.50402771]
[5 3 0 6],[2.97936078 0.         0.         0.        ]
[4 1 6 0],[12.15659701  0.          0.          0.        ]
[2 2 6 0],[3.94858225 0.         0.         0.        ]
[5 4 6 0],[0. 0. 0. 0.]
[0 5 6 0],[ 2.76620064 99.98683085  0.          0.        ]
[3 3 6 0],[-0.5        26.54978559  0.          0.        ]
[4 3 6 0],[2.15397636 0.         0.         0.        ]
[1 3 6 0],[-0.5         2.43013582  0.          0.        ]
[0 2 0 2],[  0.         104.82265643   0.          25.92000957]
[0 1 0 6],[ 7.08135021 87.62404742  1.          0.        ]
[3 1 0 6],[ 0.92758305 13.07829948  1.          0.        ]
[1 1 0 6],[ 2.67266712 10.86920944  0.          0.        ]
[1 4 0 6],[6.25417949 0.         0.         0.        ]
[6 6 5 5],[0.         0.         0.         3.66074404]
[3 6 6 3],[ 1.07268431  0.          0.         28.57023489]
[1 6 6 3],[14.41342886  0.          0.         32.92045656]
[4 6 6 3],[29.13996659  0.          0.          4.04502462]
[5 6 6 3],[-0.95        0.          0.          2.99903675]
[0 6 6 3],[ 6.02905905  0.          0.         57.84695507]
[0 6 6 1],[30.97019552  0.          0.         59.47061827]
[0 6 6 4],[13.13883029  0.          0.         55.65552178]
[0 6 6 6],[35.15838495  0.          0.          0.        ]
[3 6 6 6],[24.70122948  0.          0.          0.        ]
[1 6 6 6],[26.27244676  0.          0.          0.        ]
[6 3 3 0],[ 0.          0.30873525 -0.4         0.        ]
[6 3 1 0],[ 0.          2.99746366 -0.48665194  1.9       ]
[6 3 4 0],[0.   0.   1.09 1.  ]
[6 3 4 3],[0.         0.         0.         1.38085635]
[6 3 4 4],[0.         0.         2.79608498 0.1       ]
[6 3 1 1],[ 0.         -0.95       -0.04001384  7.52038462]
[6 3 1 4],[ 0.          0.         -0.981       0.71257771]
[6 3 1 3],[ 0.        0.        2.312224 -0.469   ]
[6 3 1 5],[0.         0.         0.         0.40998616]
[6 0 1 0],[ 0.          4.82141    50.65539828  5.43365265]
[6 3 6 3],[0.         0.         0.         1.27320554]
[6 3 6 4],[0.         0.         0.         2.20431544]
[6 3 6 0],[ 0.        -0.76       0.         1.0034272]
[6 1 6 0],[0.         3.08052279 0.         0.        ]
[6 4 6 0],[0.    0.414 0.    1.   ]
[6 4 6 3],[0. 0. 0. 0.]
[6 4 6 1],[ 0.          1.48230236  0.         -0.30176976]
[6 4 6 4],[0. 0. 0. 0.]
[0 6 5 0],[ 5.9439699   0.         99.52410345 25.82067676]
[6 4 1 1],[0. 0. 0. 0.]
[6 0 1 4],[ 0.          1.03362128  0.16953865 23.10700315]
[6 0 4 4],[0.         1.1        0.181      9.17083633]
[6 0 4 1],[ 0.          0.         20.46180518 -0.19679172]
[6 0 1 1],[ 0.          1.40998616  8.48938809 26.55224536]
[6 6 5 3],[ 0.          0.          0.         23.85256745]
[0 4 0 5],[ 0.          1.74205998  1.         98.94653377]
[0 1 0 5],[ 1.         73.30680275  0.         12.90681968]
[3 1 0 5],[0. 0. 0. 0.]
[1 1 0 5],[0. 0. 0. 0.]
[4 0 3 0],[35.14860095  0.          2.5183861   0.        ]
[1 0 4 0],[ 2.25188443  2.14561    21.29050306  0.        ]
[6 0 3 0],[ 0.          1.07458899 37.95557138  0.        ]
[6 0 4 0],[ 0.          0.         34.71169624  1.29312722]
[4 0 6 3],[5.67421804 0.         0.         0.1       ]
[1 0 6 3],[ 3.34747283  1.          0.         -1.1695    ]
[1 3 6 3],[2. 0. 0. 0.]
[1 1 6 3],[0.         3.59056321 0.         0.68356285]
[6 5 6 1],[0.         0.         0.         6.47954734]
[6 5 6 4],[0.         0.         0.         1.50295473]
[6 5 6 3],[ 0.   0.   0.  -0.4]
[6 5 0 6],[ 0.         40.97953268  0.          0.        ]
[3 6 3 3],[1.82449695 0.         0.8552018  0.08300497]
[1 6 3 3],[-0.60111777  0.         22.71183218 -0.5       ]
[4 6 3 3],[20.12776229  0.         -0.38380055  0.        ]
[1 6 3 4],[ 9.35678462  0.          0.         36.81936259]
[1 1 1 0],[4.16055441 0.         0.         0.        ]
[4 1 1 0],[7.35072883 0.         0.         0.        ]
[2 2 1 0],[2.1 0.  0.  0. ]
[5 4 4 0],[1. 0. 0. 0.]
[6 0 5 0],[ 0.         0.        21.0348119  2.72     ]
[6 0 5 3],[ 0.          0.          2.73948483 -0.5       ]
[6 0 5 4],[0. 0. 0. 0.]
[6 3 2 2],[0.   0.   0.   1.99]
[6 3 0 4],[ 0.          0.30693682  0.         28.72793422]
[1 6 1 3],[38.67586333  0.          1.74071172  4.32633343]
[4 6 4 3],[5.77300136 0.         0.         0.72108808]
[3 6 4 3],[-0.28269986  0.          6.76313377 -0.5       ]
[1 6 4 3],[25.79249536  0.          3.1108753  -0.81      ]
[6 3 3 3],[ 0.          0.         -0.4        -0.49537948]
[6 0 6 5],[ 0.          0.          0.         28.22521943]
[3 5 6 0],[ 0.65       12.20114793  0.          0.        ]
[4 5 6 0],[0. 0. 0. 0.]
[4 1 0 6],[3.03028458 0.30555921 0.         0.        ]
[0 5 0 6],[ 0.         71.42173473  0.          0.        ]
[6 6 2 2],[ 0.         0.         0.        52.8984448]
[0 3 1 0],[0.00000000e+00 1.00414368e+02 3.28520675e-02 0.00000000e+00]
[0 0 3 6],[ 1.          0.         34.08956539  0.        ]
[0 0 4 6],[ 0.          0.         37.18059682  0.        ]
[0 0 1 6],[ 5.04982096  0.         44.71747229  0.        ]
[3 0 1 6],[2.88698199 0.         0.         0.        ]
[1 0 1 6],[18.35986701  7.20469218  0.88821577  0.        ]
[4 0 1 6],[-0.5         1.          9.03729777  0.        ]
[5 0 1 6],[-0.5         2.03154245 -0.5         0.        ]
[4 3 1 6],[3.83398588 0.         0.         0.        ]
[1 3 1 6],[13.05262386 -0.15        2.74746204  0.        ]
[4 3 4 6],[0. 0. 0. 0.]
[1 3 4 6],[0.         0.         4.33273188 0.        ]
[2 3 2 6],[1.93770646 0.         0.         0.        ]
[6 2 2 6],[ 0.          0.         16.21488357  0.        ]
[1 0 3 6],[33.53567994  2.8         1.53131036  0.        ]
[4 0 3 6],[24.41793346  1.          0.99052147  0.        ]
[1 0 4 6],[0.57661968 0.         7.72830816 0.        ]
[4 0 4 6],[0.44077649 0.         0.         0.        ]
[4 6 1 3],[18.54030213  0.          0.          0.73043092]
[1 6 1 1],[16.87103159  0.         -0.1805138   1.26122152]
[1 6 4 4],[-0.05        0.          0.         13.66563224]
[3 6 4 4],[-0.2235     0.         0.         1.4266435]
[0 6 4 4],[ 1.01        0.          7.2684817  44.24660349]
[0 2 2 0],[ 1.         75.18953725  3.18026095  0.        ]
[3 2 2 0],[0. 0. 0. 0.]
[1 2 2 0],[-0.5     1.2067  0.      0.    ]
[4 2 2 0],[0. 0. 0. 0.]
[0 6 3 6],[14.34375084  0.         58.6759825   0.        ]
[4 6 6 6],[27.76418516  0.          0.          0.        ]
[6 0 3 4],[ 0.          0.         10.06857796  1.35514828]
[6 0 3 5],[0.         0.         0.         3.41062907]
[6 0 4 3],[ 0.          0.          4.80692116 -0.57558602]
[5 1 0 6],[0.47680525 0.         0.         0.        ]
[3 6 0 5],[ 0.24507322  0.          0.         54.59387064]
[5 6 0 3],[76.57031739  0.          0.         10.17593734]
[2 1 2 0],[6.41274063 0.         0.         0.        ]
[2 4 2 0],[1.99 0.   0.   0.  ]
[5 6 0 1],[93.95368879  0.          1.          7.38188345]
[1 6 5 0],[ 2.46151566  0.         41.80716968  0.        ]
[3 6 5 0],[-0.2177972   0.         44.18097515  0.        ]
[0 1 5 0],[ 1.          0.         67.04293372  0.        ]
[3 1 5 0],[-0.5  0.4  0.   0. ]
[4 1 5 0],[1. 0. 0. 0.]
[0 6 6 5],[ 0.          0.          0.         55.16064095]
[5 0 0 4],[3.43479744 0.         0.         0.        ]
[5 6 0 4],[71.29168541  0.          0.          0.        ]
[0 6 3 1],[ 9.53191812  0.         53.1724416  76.8178135 ]
[0 6 3 3],[ 3.53270667  0.         77.77979105 39.72751101]
[0 6 3 4],[ 2.11647379  0.         27.67911703 73.85766444]
[3 6 3 4],[-0.37589413  0.         -0.5         7.75647187]
[4 6 3 4],[21.01553512  0.          0.          0.        ]
[4 6 1 4],[3.58140872 0.         0.         0.        ]
[4 6 4 4],[2.40152825 0.         0.         0.        ]
[4 6 4 1],[10.16884915  0.          0.          0.        ]
[1 6 4 1],[-0.5         0.         15.54744252  0.        ]
[4 6 1 1],[6.58297754 0.         0.59130622 0.        ]
[3 6 1 1],[-0.26046049  0.          0.          9.18156937]
[0 6 1 1],[ 2.34227714  0.         42.50777163 73.3957271 ]
[0 6 1 3],[ 5.30487459  0.         78.51505353 64.02412259]
[0 6 1 4],[ 3.35898654  0.          4.75909332 62.42497686]
[0 1 3 3],[ 1.9        43.89662939  1.81863252  0.06766528]
[0 1 3 4],[ 0.          0.          0.         12.20421579]
[0 1 3 1],[ 1.          2.57566768 -0.36       -0.5       ]
[0 1 3 5],[0.    0.    0.009 0.   ]
[0 3 0 6],[ 2.55653    80.45610367  1.1         0.        ]
[6 4 3 1],[ 0.    2.71 -0.5  -0.5 ]
[4 3 3 6],[0.06951208 0.         0.         0.        ]
[0 3 3 6],[ 1.     0.    -0.401  0.   ]
[3 3 3 6],[0. 0. 0. 0.]
[1 3 3 6],[-0.5        -0.5         1.68693729  0.        ]
[3 3 1 6],[2.85327016 0.         0.         0.        ]
[3 3 4 6],[1.34767065 0.         0.         0.        ]
[3 3 1 0],[-0.5         0.66811727  5.86907271  0.        ]
[4 3 1 0],[ 2.08399987  0.64085513 -0.35339     0.        ]
[1 4 1 0],[5.82130504 0.2        0.         0.        ]
[4 4 1 0],[ 1.1        11.40855131  0.11        0.        ]
[0 6 4 3],[ 1.95515848  0.         77.91909388 21.73153041]
[5 6 4 1],[0.25913628 0.         0.         0.        ]
[5 6 4 4],[-0.4  0.   0.   0. ]
[1 6 1 4],[14.0510427  0.         0.         0.       ]
[0 5 4 0],[ 1.         24.6667812   6.54250466  0.        ]
[0 5 1 0],[ 0.         45.75965916 -0.5         1.01      ]
[0 5 5 0],[1. 0. 0. 0.]
[3 5 5 0],[0. 0. 0. 0.]
[3 3 5 0],[ 0.   0.  -0.5  0. ]
[4 6 6 1],[32.36845452  0.          0.         13.43369268]
[4 6 6 4],[30.78227025  0.          0.          5.13272317]
[1 6 6 4],[32.04200579  0.          0.         25.63394623]
[3 6 3 6],[48.39548745  0.          6.51693177  0.        ]
[6 4 3 4],[0. 0. 0. 0.]
[6 0 1 3],[ 0.          0.         23.03489168  8.57602993]
[3 5 4 0],[2. 0. 0. 0.]
[1 5 1 0],[-0.5         0.88309242  0.          0.        ]
[5 0 4 0],[1.35855726 0.         0.         0.        ]
[0 3 5 0],[ 0.          0.         10.10492315  0.        ]
[0 6 5 3],[ 0.          0.         70.79884703 -0.91733823]
[0 6 5 1],[ 1.         0.         7.2176912 -0.5      ]
[0 6 5 5],[1.9 0.  0.  0. ]
[5 1 1 0],[0.83921151 0.         0.         1.        ]
[1 4 5 0],[-0.5    0.209  0.     0.   ]
[1 1 5 0],[2.09 0.   0.   0.  ]
[3 4 5 0],[0. 0. 0. 0.]
[4 4 5 0],[0. 0. 0. 0.]
[1 5 5 0],[-0.5 -0.5  0.   0. ]
[4 5 5 0],[0. 0. 0. 0.]
[3 5 3 0],[0.38282077 0.         0.         0.        ]
[1 5 3 0],[0.5        6.80156051 0.         0.        ]
[4 5 3 0],[0.05 0.   0.   0.  ]
[1 0 0 5],[10.11779983  0.          0.          3.30464624]
[0 0 5 6],[ 2.71        0.         10.77406274  0.        ]
[3 0 5 6],[-0.5   0.    0.09  0.  ]
[1 6 6 1],[29.36283143  0.          0.         33.5765951 ]
[0 0 1 3],[ 1.          0.          0.         20.25011691]
[0 0 4 3],[0.         0.         0.         6.28328585]
[0 0 4 1],[ 0.          0.          0.271      17.36950608]
[0 0 1 1],[ 3.439       0.          4.88268862 24.71866585]
[3 0 1 1],[-0.5  0.   0.   0. ]
[1 0 1 1],[0. 0. 0. 0.]
[1 0 4 1],[-0.5   0.    0.    1.05]
[4 0 4 1],[3. 0. 0. 0.]
[4 0 4 4],[0. 0. 0. 0.]
[3 0 4 1],[1. 0. 0. 0.]
[6 0 4 5],[0.  0.  0.  0.1]
[3 6 6 1],[16.32578861  0.          0.         34.63305346]
[5 6 6 4],[16.12136109  0.          0.          0.        ]
[3 6 6 4],[11.97479924  0.          0.         25.65344108]
[0 3 0 5],[ 0.          0.          1.         21.34927828]
[3 0 3 6],[ 9.14564978  0.         -0.91461     0.        ]
[1 0 5 6],[-0.5      0.      -0.26249  0.     ]
[4 5 0 0],[-0.5        69.39862936  0.          0.        ]
[5 6 6 1],[7.81709613 0.         0.         0.        ]
[2 6 6 2],[23.25412028  0.          0.          0.        ]
[3 1 0 1],[-0.5        -0.74774743  0.          8.75950846]
[3 4 0 1],[-0.5         2.94591306  0.          0.        ]
[6 0 1 5],[0.         0.         0.         6.65906988]
[3 6 3 1],[27.39454209  0.          0.57277714 -1.31331192]
[4 6 3 1],[32.59951783  0.          1.08804204  2.25664005]
[0 6 4 1],[ 1.9         0.         21.23542293 61.41840905]
[3 6 4 1],[2.4711626 0.        0.        0.       ]
[5 6 1 1],[0. 0. 0. 0.]
[5 6 6 6],[24.83920516  0.          0.          0.        ]
[0 1 6 3],[ 0.         -0.9         0.         13.25674274]
[0 0 6 3],[ 5.49342863  0.          0.         17.36815746]
[0 0 6 1],[ 1.          5.19051027  0.         30.32808917]
[0 0 6 4],[ 0.          1.03740624  0.         22.03471635]
[0 0 6 6],[41.47100605  5.76051106  0.          0.        ]
[3 0 6 6],[34.63158275  3.68983372  0.          0.        ]
[1 0 6 6],[41.98031455  4.54970068  0.          0.        ]
[4 0 6 6],[37.18149286  0.          0.          0.        ]
[5 0 6 6],[29.85644224  0.          0.          0.        ]
[3 3 6 6],[2.10096063 0.         0.         0.        ]
[1 3 6 6],[2.22116711 0.0235599  0.         0.        ]
[0 6 5 4],[0.         0.         0.         0.12129814]
[1 6 3 5],[7.60813746 0.         0.         0.        ]
[2 0 2 6],[2. 0. 0. 0.]
[3 0 4 6],[0.55602 0.      0.      0.     ]
[1 4 3 6],[-0.5  0.   0.   0. ]
[4 0 5 6],[0. 0. 0. 0.]
[4 3 0 3],[5.39238147 0.         0.         0.        ]
[0 1 4 3],[0.         0.         0.         0.27769654]
[0 1 2 2],[0.         0.         0.         4.15721396]
[3 0 3 1],[-0.49  1.    0.    0.  ]
[4 0 3 4],[0. 0. 0. 0.]
[0 3 6 6],[0.         8.68011976 0.         0.        ]
[0 1 6 6],[ 1.25926062 14.50463402  0.          0.        ]
[0 4 6 6],[6.58622819 9.49745698 0.         0.        ]
[3 4 6 6],[-0.2488407   1.96626439  0.          0.        ]
[1 4 6 6],[0.        1.8481493 0.        0.       ]
[4 4 6 6],[0.         2.03281859 0.         0.        ]
[4 3 6 6],[1.20128258 0.12650666 0.         0.        ]
[1 1 6 6],[9.28939281 0.         0.         0.        ]
[3 3 3 1],[-0.5   0.11  0.    0.  ]
[4 3 3 1],[0.81 0.   0.   0.  ]
[3 1 3 1],[1.1 0.  0.  0. ]
[3 4 3 1],[1.2215 0.     0.     0.    ]
[1 4 3 1],[2.4467 0.     0.     0.    ]
[0 6 5 6],[ 0.          0.         58.18249224  0.        ]
[3 1 3 3],[-0.4271  0.      0.     -0.5   ]
[1 1 3 3],[-0.45 -0.83  0.    0.19]
[4 1 3 3],[0.6561 0.09   0.     0.    ]
[4 1 3 1],[2.36612 0.      1.      0.     ]
[1 1 3 1],[0.  1.9 0.  0. ]
[1 1 3 4],[-0.5   -0.5   -0.5    0.361]
[4 1 3 4],[1.09 0.   0.   0.  ]
[5 0 3 6],[-0.1482194   0.          0.20315424  0.        ]
[3 6 5 6],[-0.5  0.   0.   0. ]
[4 6 5 6],[1. 0. 0. 0.]
[1 6 5 6],[-0.5         0.          6.22856736  0.        ]
[6 5 1 0],[0.    0.201 0.    1.   ]
[6 5 1 3],[0. 0. 0. 0.]
[6 5 1 1],[0. 0. 1. 1.]
[6 5 1 4],[0. 0. 0. 0.]
[0 3 3 5],[1. 0. 0. 0.]
[3 3 3 5],[0. 0. 0. 0.]
[1 3 3 5],[ 0.  -0.5  0.   0. ]
[1 4 3 5],[0. 0. 0. 0.]
[5 4 3 0],[0. 0. 0. 0.]
[3 0 6 3],[1.99159509 0.         0.         0.        ]
[1 0 6 1],[0.33827073 2.38462173 0.         0.        ]
[4 0 6 1],[0.73861596 3.57227402 0.         0.        ]
[2 0 6 2],[0. 2. 0. 0.]
[2 3 6 2],[1.09 0.   0.   0.  ]
[0 3 6 5],[0.        0.        0.        1.1541981]
[0 5 6 1],[0.         0.98902211 0.         0.        ]
[0 1 6 1],[ 0.          3.20441341  0.         13.26914383]
[3 1 6 1],[-0.396 -0.5    0.     0.   ]
[5 0 1 0],[1.78146902 0.         0.         0.        ]
[0 3 6 3],[0.        0.        0.        1.3527939]
[3 4 6 3],[-0.5  0.   0.   0. ]
[4 4 6 3],[-0.5  0.   0.   0. ]
[5 4 6 3],[0. 0. 0. 0.]
[1 4 6 3],[-0.5  0.1  0.   0. ]
[1 3 3 3],[ 1.41342  0.      -0.184    0.     ]
[6 2 2 3],[0. 0. 0. 0.]
[6 2 2 1],[0. 0. 0. 0.]
[6 2 2 4],[0. 0. 0. 1.]
[6 2 2 0],[0.   0.   1.99 0.  ]
[3 4 0 3],[-0.45      27.4645041  0.         0.       ]
[4 4 0 3],[3.91250192 0.         0.         0.        ]
[6 2 0 2],[0.         0.         0.         1.12163474]
[0 1 6 4],[ 0.          0.          0.         13.96623188]
[5 3 1 0],[-0.1841459  0.0121     0.         0.       ]
[0 1 1 1],[ 1.9   0.    0.   -0.14]
[0 1 4 1],[ 4.0951      0.271       0.9387721  -0.06986851]
[3 1 4 1],[-0.4  0.   0.   0. ]
[1 1 4 1],[-0.6561  0.      0.      0.    ]
[4 1 4 1],[1. 0. 0. 0.]
[2 1 2 1],[0. 0. 0. 0.]
[2 1 2 4],[1. 0. 0. 0.]
[5 1 4 4],[-0.5  0.   0.   0. ]
[4 1 4 4],[1. 0. 0. 0.]
[1 1 4 4],[0. 0. 0. 0.]
[4 1 0 4],[5.13226179 0.         0.         0.        ]
[6 0 5 1],[0. 0. 0. 0.]
[3 0 1 3],[0. 0. 0. 0.]
[1 0 1 3],[5.11964765 0.         0.         0.        ]
[4 0 4 3],[1. 0. 0. 0.]
[1 0 4 3],[ 0.    0.    0.   -0.05]
[5 5 0 0],[0. 0. 0. 0.]
[3 0 0 5],[1.01265053 0.         0.         0.        ]
[4 0 0 5],[3.73593038 0.         0.         0.        ]
[1 0 5 0],[-0.5         0.          4.39626506  0.        ]
[4 0 5 0],[0.93209977 0.         0.         0.        ]
[2 0 2 0],[6.66478075 0.         0.         0.        ]
[5 6 3 3],[3.83142989 0.         0.         0.        ]
[3 6 1 4],[3.29460401 0.         0.         0.        ]
[6 1 5 6],[ 0.          6.50970592 -0.00906559  0.        ]
[6 4 5 6],[0.         0.         0.97027794 0.        ]
[0 3 3 3],[ 1.9 -0.5  0.   0. ]
[0 4 3 3],[ 1.         23.58832278  0.043611   -0.5       ]
[3 4 3 3],[0. 0. 0. 0.]
[1 4 3 3],[0. 0. 0. 0.]
[0 0 2 2],[ 0.          0.          0.         12.80431328]
[0 4 5 0],[ 0.          0.         38.13485855  0.        ]
[0 1 4 5],[0. 0. 0. 0.]
[6 1 6 4],[0.         0.         0.         2.67798447]
[6 1 6 3],[0.         0.         0.         0.79915542]
[1 1 1 6],[7.45396531 0.         0.         0.        ]
[3 1 1 6],[-0.5         1.21380361 -0.5         0.        ]
[4 1 1 6],[-1.        -0.8482749  0.         0.       ]
[0 1 1 6],[ 0.   0.  -0.5  0. ]
[0 4 1 6],[1.9        0.         2.74053279 0.        ]
[3 4 1 6],[1. 0. 0. 0.]
[1 4 1 6],[1.1 0.  0.  0. ]
[0 0 4 4],[ 0.          0.          2.06412322 11.311345  ]
[1 4 4 3],[0. 0. 0. 0.]
[4 4 1 3],[0.15963299 0.         0.         0.        ]
[4 1 1 3],[2.33089809 0.         0.26270881 0.        ]
[2 2 1 3],[2. 0. 0. 0.]
[1 1 1 3],[-0.4         6.46857357  0.          0.        ]
[1 0 6 4],[-0.5         1.          0.          0.12136787]
[4 0 6 4],[0.16952489 0.         0.         0.        ]
[6 0 2 2],[0.         0.         0.         4.32270771]
[0 0 6 5],[0.         0.         0.         6.04373084]
[1 6 6 5],[ 5.35227956  0.          0.         22.65810723]
[0 6 3 5],[ 0.          0.          3.67446133 40.7959702 ]
[0 1 6 5],[0.         0.         0.         3.29627658]
[5 6 0 5],[10.60873562  0.          0.          0.        ]
[0 6 1 5],[ 1.          0.          1.21093394 38.17786347]
[0 4 3 4],[1.  0.  0.  1.1]
[0 4 3 1],[1.         0.         0.         2.51355575]
[2 2 3 1],[2.09 0.   0.   0.  ]
[4 4 3 1],[0.532 0.    0.    0.   ]
[5 4 3 1],[0.22 0.   0.   0.  ]
[1 4 3 4],[-0.5  0.   0.   0. ]
[4 4 3 4],[0. 0. 0. 0.]
[3 6 1 3],[18.68067235  0.          0.          0.        ]
[6 3 0 5],[0.         0.         0.         6.04329097]
[1 3 6 4],[-0.5  0.   0.   0. ]
[1 5 6 3],[0. 0. 0. 0.]
[4 5 6 3],[0. 0. 0. 0.]
[1 6 2 2],[5.49071078 0.         0.         0.        ]
[3 6 2 2],[0.19 0.   0.   0.  ]
[4 6 3 5],[4.6350873 0.        0.        0.       ]
[0 3 1 6],[ 0.         -0.4         4.26026507  0.        ]
[4 1 6 6],[1.98627552 0.         0.         0.        ]
[3 1 6 6],[-0.4       4.732907  0.        0.      ]
[1 4 1 3],[-0.29036701  1.59632991  0.         -0.85      ]
[1 1 4 3],[0.6947 0.     0.     0.    ]
[4 1 4 3],[0.247 0.    0.    0.   ]
[0 4 1 3],[ 2.9059633   0.          3.71195007 -0.23176159]
[3 4 1 3],[0.46963299 0.         0.         0.        ]
[2 4 2 3],[2.11308595 0.         0.         0.        ]
[1 3 1 3],[3.5665192  0.33669352 0.         0.        ]
[1 3 4 3],[2.54768988 0.         0.35665192 0.        ]
[3 3 4 3],[-0.5  0.   0.   0. ]
[4 3 4 3],[0. 0. 0. 0.]
[4 3 1 3],[1.11974081 0.         0.         0.        ]
[3 3 1 3],[-1.  0.  0.  0.]
[0 3 1 3],[0. 0. 0. 0.]
[0 1 1 3],[ 1.9        23.2325821   0.26221668 -0.5       ]
[0 4 4 3],[ 0.     0.     1.991 -0.5  ]
[0 4 4 4],[0. 0. 0. 1.]
[0 4 4 1],[ 1.          0.          1.10023841 -0.5       ]
[3 4 4 3],[1.52777352 0.         0.         0.        ]
[1 4 1 4],[0.  0.  0.4 0. ]
[1 3 3 1],[0.   0.19 0.   0.  ]
[1 3 1 1],[0. 0. 0. 0.]
[1 3 4 1],[2.13099862 0.         0.         0.        ]
[6 3 5 1],[ 0.          0.         -0.43210125 -0.5       ]
[0 0 3 5],[ 1.          0.         -0.14137647  4.51566155]
[3 0 3 5],[0. 0. 0. 0.]
[1 0 3 5],[0. 0. 0. 0.]
[5 0 6 0],[14.80489502  0.          0.          0.        ]
[0 5 0 1],[ 1.         54.56630147  0.         -0.4       ]
[3 3 3 3],[-0.158  0.     0.     0.   ]
[2 0 2 1],[0. 0. 0. 0.]
[2 0 2 4],[1. 0. 0. 0.]
[1 0 1 4],[-0.5  2.   0.   0. ]
[0 1 1 5],[ 0.    0.    0.   -0.12]
[0 1 1 4],[0.    0.    0.299 2.99 ]
[0 1 4 4],[0.         0.         0.         1.34318343]
[0 0 1 4],[ 0.          1.          1.3684393  16.68877192]
[5 3 0 3],[0.17024829 0.         0.         0.        ]
[3 4 0 4],[-0.5 -0.5  0.   0. ]
[3 1 0 4],[0.8636125 0.        0.        0.       ]
[0 6 4 5],[ 0.          0.         16.70255891 -0.399     ]
[0 6 2 2],[ 0.          0.          0.         22.12977913]
[3 1 1 4],[1.63080172 0.         0.122249   0.        ]
[1 1 1 4],[5.33263169 0.         1.         0.        ]
[1 4 1 1],[2.04 0.   0.   0.  ]
[3 0 5 0],[0.12074936 0.         0.         0.        ]
[1 5 0 6],[0. 0. 0. 0.]
[2 2 3 0],[2.88195401 1.70895115 0.         0.        ]
[2 3 2 0],[3.80758297 0.         0.         0.        ]
[3 5 1 0],[0.04858807 0.         0.         0.        ]
[1 5 4 0],[0. 0. 0. 0.]
[4 5 1 0],[0. 0. 0. 0.]
[6 4 5 3],[0. 0. 0. 0.]
[6 4 5 1],[0. 0. 0. 0.]
[6 4 5 4],[0. 0. 0. 1.]
[6 1 5 3],[0. 1. 0. 0.]
[6 3 5 3],[0. 0. 0. 0.]
[6 3 5 4],[0. 0. 0. 0.]
[6 5 3 0],[0.  0.  0.1 0. ]
[4 6 6 5],[3.4176067 0.        0.        0.       ]
[5 6 4 3],[-0.4454205  0.         0.        -0.5      ]
[1 6 5 1],[1.05 0.   0.   0.  ]
[3 1 3 4],[0.8461 0.     0.     0.    ]
[2 1 3 2],[2. 0. 0. 0.]
[2 1 0 2],[1.1 0.  0.  0. ]
[5 1 0 4],[1.04 0.   0.   0.  ]
[3 6 6 5],[3.1769651 0.        0.        0.       ]
[4 0 1 4],[0. 0. 0. 0.]
[4 3 1 1],[0. 0. 0. 0.]
[4 3 1 4],[0. 0. 0. 0.]
[1 3 1 4],[0.        0.        0.        1.3190136]
[3 1 1 3],[-0.41  0.    0.    0.  ]
[1 4 4 4],[0. 0. 0. 0.]
[6 5 1 6],[0.     0.     1.3261 0.    ]
[4 3 3 3],[1.1342 0.     0.     0.    ]
[5 3 3 3],[-0.3962  0.      0.      0.    ]
[6 1 5 1],[ 0.     0.    -0.298 -0.5  ]
[6 1 5 4],[0. 0. 0. 0.]
[6 5 0 4],[0.         0.21198401 0.         0.        ]
[3 5 0 1],[0. 0. 0. 0.]
[4 5 0 4],[0. 0. 0. 0.]
[0 1 3 6],[1.    1.271 0.    0.   ]
[0 1 4 6],[1. 0. 0. 0.]
[3 1 4 6],[0. 0. 0. 0.]
[1 1 4 6],[3.13671083 0.         0.         0.        ]
[5 1 1 3],[0.781063 0.       0.       0.      ]
[0 4 1 1],[ 1.028       1.09214571 -0.39       -0.5       ]
[3 4 4 1],[0. 0. 0. 0.]
[1 4 4 1],[-0.9  0.   0.   0. ]
[0 4 1 4],[0.    0.    0.    1.972]
[0 2 1 2],[ 0.    0.   -0.05  0.  ]
[0 2 4 2],[0. 0. 0. 0.]
[3 6 5 1],[0.555 0.    0.    0.   ]
[4 6 5 1],[0.915 0.    0.    0.   ]
[5 0 6 1],[0. 0. 0. 0.]
[1 1 6 4],[1. 0. 0. 0.]
[2 2 4 0],[2.74431132 0.         0.         0.        ]
[2 2 3 4],[1. 0. 0. 0.]
[0 2 6 2],[0.         0.         0.         3.18645119]
[0 4 6 5],[0.         0.         0.         1.09144119]
[4 3 6 4],[0. 0. 0. 0.]
[3 1 6 4],[-0.5  0.   0.   0. ]
[4 1 6 4],[0. 0. 0. 0.]
[6 5 0 5],[0.    0.    0.    0.139]
[3 1 4 3],[0.2 0.  0.  0. ]
[2 6 1 2],[2.92511053 0.         0.         0.        ]
[2 6 2 4],[0. 0. 0. 0.]
[2 6 2 1],[1.238318 0.       0.       0.      ]
[0 5 0 5],[0.         0.         0.         0.62531378]
[3 1 6 3],[1.58220701 0.         0.         0.        ]
[4 1 6 3],[1.13590563 0.         0.         0.        ]
[0 3 3 1],[1. 0. 0. 0.]
[1 1 1 1],[-0.1    0.     0.    -0.291]
[4 4 1 1],[0.2 0.  0.  0. ]
[3 1 1 1],[-0.5  0.   0.   0. ]
[5 1 1 1],[0.1 0.  0.  0. ]
[0 0 4 5],[0.         0.         0.         1.01033136]
[0 0 1 5],[0.         0.         0.         8.84209056]
[0 2 2 3],[0. 0. 0. 0.]
[0 2 2 1],[0.   0.   1.11 0.  ]
[0 3 1 4],[0. 0. 0. 0.]
[0 3 1 1],[0. 0. 0. 0.]
[0 3 4 4],[0.         0.         1.34728113 0.        ]
[5 6 1 4],[0.63092009 0.         0.         0.        ]
[6 1 5 0],[ 0.    0.   -0.31  0.  ]
[3 6 1 5],[0. 0. 0. 0.]
[1 6 1 5],[1.         0.         0.         0.26122152]
[2 6 2 5],[1.1 0.  0.  0. ]
[2 6 2 6],[15.01334081  0.          0.          0.        ]
[5 6 1 6],[16.97317641  0.          0.          0.        ]
[4 4 4 3],[1.1 0.  0.  0. ]
[3 0 4 3],[2.11996622 0.         0.         0.        ]
[5 6 3 1],[9.22919526 0.         0.         0.        ]
[5 6 3 4],[-0.28638209  0.          0.          0.        ]
[3 4 4 4],[0. 0. 0. 0.]
[3 4 1 1],[0.456 0.    0.    0.   ]
[2 2 1 6],[1. 0. 0. 0.]
[4 4 1 6],[2.01 0.   0.   0.  ]
[0 5 6 6],[0.        2.0448315 0.        0.       ]
[3 6 5 5],[-0.5     0.      0.      0.0555]
[4 6 5 5],[0. 0. 0. 0.]
[5 1 4 0],[5.55384969 0.         0.         0.        ]
[1 2 6 2],[2. 0. 0. 0.]
[6 2 6 2],[0.         1.13526141 0.         0.        ]
[5 0 4 6],[-0.45592235  0.          0.          0.        ]
[2 6 3 2],[8.72428738 0.         0.         0.        ]
[1 0 4 4],[0. 0. 0. 0.]
[6 5 6 0],[0. 0. 0. 0.]
[5 3 1 6],[2.4993065  0.         0.13154245 0.        ]
[0 5 1 3],[0.  0.  0.  0.1]
[0 5 1 1],[0.  0.  0.  0.4]
[0 5 1 5],[0.   0.01 0.   0.  ]
[4 0 1 1],[0. 0. 0. 0.]
[5 6 1 3],[2.81127113 0.         0.         0.        ]
[3 4 3 4],[0. 0. 0. 0.]
[6 1 4 5],[ 0.   0.   0.  -0.4]
[0 5 6 3],[0. 0. 0. 0.]
[0 5 6 4],[0. 0. 0. 0.]
[3 0 3 3],[0.17 0.   0.   0.  ]
[5 6 4 5],[0. 0. 0. 0.]
[5 6 1 5],[0.1 0.  0.  0. ]
[0 0 5 3],[ 1.   0.   0.  -0.5]
[0 0 5 4],[0.         0.         1.66887719 0.        ]
[6 5 4 0],[0. 0. 0. 0.]
[2 2 0 1],[1.1 0.  0.  0. ]
[5 6 4 6],[3.02114616 0.         0.         0.        ]
[3 5 0 3],[0. 0. 0. 0.]
[0 4 3 6],[0. 0. 0. 0.]
[3 1 3 6],[-0.5 -0.5  0.   0. ]
[4 1 3 6],[1. 0. 0. 0.]
[3 4 3 6],[0. 0. 0. 0.]
[1 1 3 6],[1. 0. 0. 0.]
[5 4 3 6],[0. 0. 0. 0.]
[0 3 4 6],[0.    0.    0.299 0.   ]
[4 1 1 1],[0. 0. 0. 0.]
[2 1 2 6],[1.31367108 0.         0.         0.        ]
[1 4 4 6],[0. 0. 0. 0.]
[6 5 3 6],[0.  0.  0.1 0. ]
[3 0 6 1],[0.23846217 0.         0.         0.        ]
[5 3 6 1],[-0.5  0.   0.   0. ]
[3 4 6 1],[0.42776019 0.         0.         0.        ]
[0 2 3 2],[0.   0.   0.   1.11]
[5 3 6 6],[0.28900432 0.         0.         0.        ]
[0 4 3 5],[0.         0.         0.         0.32261731]
[0 5 4 3],[1. 0. 0. 0.]
[3 5 4 3],[-0.5  0.   0.   0. ]
[4 5 4 3],[ 0.   0.  -0.5  0. ]
[4 5 5 3],[0. 0. 0. 0.]
[1 5 5 3],[0. 0. 0. 0.]
[1 5 1 3],[1.91 0.   0.   0.  ]
[4 5 1 3],[0. 0. 0. 0.]
[3 5 1 3],[2.09 0.   0.   0.  ]
[6 5 4 3],[0. 0. 0. 0.]
[6 5 4 1],[0. 0. 0. 0.]
[6 5 3 1],[0. 0. 0. 0.]
[3 3 0 1],[-0.399  0.     0.     0.   ]
[5 0 0 3],[0.81326063 0.         0.         0.        ]
[6 5 5 6],[0.    0.    0.281 0.   ]
[6 5 4 6],[0.       0.       1.151959 0.      ]
[3 0 5 3],[-0.5  0.   0.   0. ]
[4 0 5 3],[1.9 0.  0.  0. ]
[1 0 5 3],[-0.5  0.   0.   0. ]
[3 0 5 1],[0. 0. 0. 0.]
[3 0 5 4],[1. 0. 0. 0.]
[1 0 5 4],[-0.5  0.   0.   0. ]
[4 0 5 4],[0. 0. 0. 0.]
[0 0 5 1],[0. 0. 0. 0.]
[4 1 1 4],[-0.5  0.   0.   0. ]
[5 1 1 4],[0.37029241 0.         0.         0.        ]
[3 1 4 4],[0. 0. 0. 0.]
